filename,class,label,group_id,split,has_mask
c_100_v_(video_3062.mp4)_f_1458.jpg,endometriosis,1,c_100,test,True
c_102_v_(video_3119.mp4)_f_1311.jpg,endometriosis,1,c_102,val,True
c_102_v_(video_3119.mp4)_f_185.jpg,endometriosis,1,c_102,val,True
c_102_v_(video_3124.mp4)_f_97.jpg,endometriosis,1,c_102,val,True
c_102_v_(video_3130.mp4)_f_0.jpg,endometriosis,1,c_102,val,True
c_105_v_(video_3214.mp4)_f_2954.jpg,endometriosis,1,c_105,val,True
c_108_v_(video_3312.mp4)_f_619.jpg,endometriosis,1,c_108,train,True
c_10_v_(video_182.mp4)_f_494.jpg,endometriosis,1,c_10,train,True
c_10_v_(video_184.mp4)_f_22.jpg,endometriosis,1,c_10,train,True
c_10_v_(video_185.mp4)_f_112.jpg,endometriosis,1,c_10,train,True
c_10_v_(video_185.mp4)_f_176.jpg,endometriosis,1,c_10,train,True
c_10_v_(video_186.mp4)_f_200.jpg,endometriosis,1,c_10,train,True
c_10_v_(video_188.mp4)_f_455.jpg,endometriosis,1,c_10,train,True
c_113_v_(video_3427.mp4)_f_211.jpg,endometriosis,1,c_113,val,True
c_114_v_(video_3461.mp4)_f_610.jpg,endometriosis,1,c_114,train,True
c_117_v_(video_3530.mp4)_f_811.jpg,endometriosis,1,c_117,train,True
c_117_v_(video_3533.mp4)_f_195.jpg,endometriosis,1,c_117,train,True
c_120_v_(video_3598.mp4)_f_713.jpg,endometriosis,1,c_120,train,True
c_120_v_(video_3599.mp4)_f_39.jpg,endometriosis,1,c_120,train,True
c_121_v_(video_3630.mp4)_f_37.jpg,endometriosis,1,c_121,val,True
c_123_v_(video_3706.mp4)_f_659.jpg,endometriosis,1,c_123,train,True
c_125_v_(video_3726.mp4)_f_247.jpg,endometriosis,1,c_125,train,True
c_127_v_(video_3756.mp4)_f_40.jpg,endometriosis,1,c_127,test,True
c_12_v_(video_364.mp4)_f_253.jpg,endometriosis,1,c_12,train,True
c_12_v_(video_365.mp4)_f_174.jpg,endometriosis,1,c_12,train,True
c_12_v_(video_365.mp4)_f_49.jpg,endometriosis,1,c_12,train,True
c_12_v_(video_368.mp4)_f_167.jpg,endometriosis,1,c_12,train,True
c_12_v_(video_368.mp4)_f_261.jpg,endometriosis,1,c_12,train,True
c_12_v_(video_370.mp4)_f_25.jpg,endometriosis,1,c_12,train,True
c_12_v_(video_370.mp4)_f_67.jpg,endometriosis,1,c_12,train,True
c_135_v_(video_4058.mp4)_f_1.jpg,endometriosis,1,c_135,test,True
c_135_v_(video_4079.mp4)_f_229.jpg,endometriosis,1,c_135,test,True
c_137_v_(video_4143.mp4)_f_1016.jpg,endometriosis,1,c_137,val,True
c_137_v_(video_4143.mp4)_f_427.jpg,endometriosis,1,c_137,val,True
c_137_v_(video_4143.mp4)_f_639.jpg,endometriosis,1,c_137,val,True
c_13_v_(video_391.mp4)_f_226.jpg,endometriosis,1,c_13,train,True
c_141_v_(video_4253.mp4)_f_205.jpg,endometriosis,1,c_141,train,True
c_141_v_(video_4253.mp4)_f_386.jpg,endometriosis,1,c_141,train,True
c_141_v_(video_4253.mp4)_f_55.jpg,endometriosis,1,c_141,train,True
c_141_v_(video_4254.mp4)_f_324.jpg,endometriosis,1,c_141,train,True
c_141_v_(video_4254.mp4)_f_5.jpg,endometriosis,1,c_141,train,True
c_141_v_(video_4257.mp4)_f_115.jpg,endometriosis,1,c_141,train,True
c_141_v_(video_4257.mp4)_f_212.jpg,endometriosis,1,c_141,train,True
c_141_v_(video_4257.mp4)_f_272.jpg,endometriosis,1,c_141,train,True
c_141_v_(video_4299.mp4)_f_29.jpg,endometriosis,1,c_141,train,True
c_144_v_(video_4371.mp4)_f_66.jpg,endometriosis,1,c_144,val,True
c_144_v_(video_4371.mp4)_f_872.jpg,endometriosis,1,c_144,val,True
c_144_v_(video_4374.mp4)_f_2517.jpg,endometriosis,1,c_144,val,True
c_144_v_(video_4374.mp4)_f_2771.jpg,endometriosis,1,c_144,val,True
c_145_v_(video_4391.mp4)_f_27.jpg,endometriosis,1,c_145,train,True
c_146_v_(video_4410.mp4)_f_2066.jpg,endometriosis,1,c_146,test,True
c_146_v_(video_4410.mp4)_f_740.jpg,endometriosis,1,c_146,test,True
c_146_v_(video_4412.mp4)_f_43.jpg,endometriosis,1,c_146,test,True
c_149_v_(video_4479.mp4)_f_1577.jpg,endometriosis,1,c_149,train,True
c_149_v_(video_4479.mp4)_f_3137.jpg,endometriosis,1,c_149,train,True
c_14_v_(video_400.mp4)_f_810.jpg,endometriosis,1,c_14,train,True
c_14_v_(video_401.mp4)_f_253.jpg,endometriosis,1,c_14,train,True
c_14_v_(video_401.mp4)_f_90.jpg,endometriosis,1,c_14,train,True
c_14_v_(video_401.mp4)_f_910.jpg,endometriosis,1,c_14,train,True
c_14_v_(video_422.mp4)_f_59.jpg,endometriosis,1,c_14,train,True
c_14_v_(video_425.mp4)_f_118.jpg,endometriosis,1,c_14,train,True
c_150_v_(video_4517.mp4)_f_109.jpg,endometriosis,1,c_150,val,True
c_150_v_(video_4518.mp4)_f_28.jpg,endometriosis,1,c_150,val,True
c_150_v_(video_4520.mp4)_f_132.jpg,endometriosis,1,c_150,val,True
c_157_v_(video_4727.mp4)_f_0.jpg,endometriosis,1,c_157,train,True
c_159_v_(video_4770.mp4)_f_4585.jpg,endometriosis,1,c_159,test,True
c_15_v_(video_449.mp4)_f_2374.jpg,endometriosis,1,c_15,train,True
c_15_v_(video_449.mp4)_f_2831.jpg,endometriosis,1,c_15,train,True
c_15_v_(video_450.mp4)_f_623.jpg,endometriosis,1,c_15,train,True
c_15_v_(video_451.mp4)_f_251.jpg,endometriosis,1,c_15,train,True
c_15_v_(video_454.mp4)_f_144.jpg,endometriosis,1,c_15,train,True
c_162_v_(video_4957.mp4)_f_230.jpg,endometriosis,1,c_162,test,True
c_165_v_(video_5033.mp4)_f_19.jpg,endometriosis,1,c_165,train,True
c_165_v_(video_5033.mp4)_f_547.jpg,endometriosis,1,c_165,train,True
c_165_v_(video_5035.mp4)_f_13.jpg,endometriosis,1,c_165,train,True
c_165_v_(video_5037.mp4)_f_1790.jpg,endometriosis,1,c_165,train,True
c_165_v_(video_5038.mp4)_f_161.jpg,endometriosis,1,c_165,train,True
c_165_v_(video_5046.mp4)_f_117.jpg,endometriosis,1,c_165,train,True
c_165_v_(video_5046.mp4)_f_180.jpg,endometriosis,1,c_165,train,True
c_165_v_(video_5046.mp4)_f_962.jpg,endometriosis,1,c_165,train,True
c_168_v_(video_5163.mp4)_f_264.jpg,endometriosis,1,c_168,test,True
c_169_v_(video_5210.mp4)_f_102.jpg,endometriosis,1,c_169,train,True
c_169_v_(video_5211.mp4)_f_104.jpg,endometriosis,1,c_169,train,True
c_16_v_(video_467.mp4)_f_184.jpg,endometriosis,1,c_16,train,True
c_16_v_(video_471.mp4)_f_220.jpg,endometriosis,1,c_16,train,True
c_170_v_(video_5222.mp4)_f_64.jpg,endometriosis,1,c_170,train,True
c_172_v_(video_5281.mp4)_f_1193.jpg,endometriosis,1,c_172,test,True
c_172_v_(video_5281.mp4)_f_484.jpg,endometriosis,1,c_172,test,True
c_173_v_(video_5306.mp4)_f_20.jpg,endometriosis,1,c_173,train,True
c_173_v_(video_5306.mp4)_f_228.jpg,endometriosis,1,c_173,train,True
c_174_v_(video_5312.mp4)_f_1125.jpg,endometriosis,1,c_174,train,True
c_174_v_(video_5312.mp4)_f_1319.jpg,endometriosis,1,c_174,train,True
c_178_v_(video_5419.mp4)_f_794.jpg,endometriosis,1,c_178,train,True
c_178_v_(video_5426.mp4)_f_90.jpg,endometriosis,1,c_178,train,True
c_17_v_(video_481.mp4)_f_1292.jpg,endometriosis,1,c_17,train,True
c_188_v_(video_5701.mp4)_f_226.jpg,endometriosis,1,c_188,train,True
c_189_v_(video_5727.mp4)_f_14.jpg,endometriosis,1,c_189,train,True
c_19_v_(video_507.mp4)_f_2389.jpg,endometriosis,1,c_19,train,True
c_1_v_(video_17.mp4)_f_1232.jpg,endometriosis,1,c_1,test,True
c_1_v_(video_17.mp4)_f_530.jpg,endometriosis,1,c_1,test,True
c_1_v_(video_17.mp4)_f_925.jpg,endometriosis,1,c_1,test,True
c_1_v_(video_7.mp4)_f_1299.jpg,endometriosis,1,c_1,test,True
c_1_v_(video_7.mp4)_f_36.jpg,endometriosis,1,c_1,test,True
c_20_v_(video_539.mp4)_f_16.jpg,endometriosis,1,c_20,train,True
c_20_v_(video_539.mp4)_f_201.jpg,endometriosis,1,c_20,train,True
c_20_v_(video_539.mp4)_f_305.jpg,endometriosis,1,c_20,train,True
c_20_v_(video_539.mp4)_f_560.jpg,endometriosis,1,c_20,train,True
c_20_v_(video_539.mp4)_f_800.jpg,endometriosis,1,c_20,train,True
c_21_v_(video_605.mp4)_f_79.jpg,endometriosis,1,c_21,val,True
c_21_v_(video_607.mp4)_f_46.jpg,endometriosis,1,c_21,val,True
c_22_v_(video_631.mp4)_f_25.jpg,endometriosis,1,c_22,train,True
c_22_v_(video_631.mp4)_f_358.jpg,endometriosis,1,c_22,train,True
c_22_v_(video_631.mp4)_f_706.jpg,endometriosis,1,c_22,train,True
c_22_v_(video_632.mp4)_f_228.jpg,endometriosis,1,c_22,train,True
c_22_v_(video_632.mp4)_f_2825.jpg,endometriosis,1,c_22,train,True
c_22_v_(video_634.mp4)_f_22.jpg,endometriosis,1,c_22,train,True
c_23_v_(video_672.mp4)_f_1006.jpg,endometriosis,1,c_23,train,True
c_23_v_(video_672.mp4)_f_1268.jpg,endometriosis,1,c_23,train,True
c_23_v_(video_672.mp4)_f_13.jpg,endometriosis,1,c_23,train,True
c_23_v_(video_672.mp4)_f_195.jpg,endometriosis,1,c_23,train,True
c_23_v_(video_672.mp4)_f_256.jpg,endometriosis,1,c_23,train,True
c_23_v_(video_672.mp4)_f_397.jpg,endometriosis,1,c_23,train,True
c_23_v_(video_672.mp4)_f_778.jpg,endometriosis,1,c_23,train,True
c_23_v_(video_674.mp4)_f_1579.jpg,endometriosis,1,c_23,train,True
c_23_v_(video_674.mp4)_f_41.jpg,endometriosis,1,c_23,train,True
c_23_v_(video_674.mp4)_f_837.jpg,endometriosis,1,c_23,train,True
c_23_v_(video_674.mp4)_f_870.jpg,endometriosis,1,c_23,train,True
c_24_v_(video_693.mp4)_f_136.jpg,endometriosis,1,c_24,val,True
c_24_v_(video_693.mp4)_f_1495.jpg,endometriosis,1,c_24,val,True
c_24_v_(video_693.mp4)_f_1606.jpg,endometriosis,1,c_24,val,True
c_24_v_(video_693.mp4)_f_1630.jpg,endometriosis,1,c_24,val,True
c_24_v_(video_693.mp4)_f_1697.jpg,endometriosis,1,c_24,val,True
c_24_v_(video_695.mp4)_f_166.jpg,endometriosis,1,c_24,val,True
c_24_v_(video_704.mp4)_f_198.jpg,endometriosis,1,c_24,val,True
c_25_v_(video_774.mp4)_f_1246.jpg,endometriosis,1,c_25,train,True
c_25_v_(video_774.mp4)_f_608.jpg,endometriosis,1,c_25,train,True
c_25_v_(video_774.mp4)_f_772.jpg,endometriosis,1,c_25,train,True
c_25_v_(video_776.mp4)_f_1436.jpg,endometriosis,1,c_25,train,True
c_25_v_(video_776.mp4)_f_750.jpg,endometriosis,1,c_25,train,True
c_25_v_(video_777.mp4)_f_33.jpg,endometriosis,1,c_25,train,True
c_27_v_(video_829.mp4)_f_0.jpg,endometriosis,1,c_27,train,True
c_28_v_(video_903.mp4)_f_1330.jpg,endometriosis,1,c_28,train,True
c_28_v_(video_903.mp4)_f_1635.jpg,endometriosis,1,c_28,train,True
c_28_v_(video_903.mp4)_f_1761.jpg,endometriosis,1,c_28,train,True
c_28_v_(video_903.mp4)_f_330.jpg,endometriosis,1,c_28,train,True
c_28_v_(video_903.mp4)_f_627.jpg,endometriosis,1,c_28,train,True
c_28_v_(video_903.mp4)_f_853.jpg,endometriosis,1,c_28,train,True
c_28_v_(video_905.mp4)_f_53.jpg,endometriosis,1,c_28,train,True
c_28_v_(video_907.mp4)_f_73.jpg,endometriosis,1,c_28,train,True
c_28_v_(video_934.mp4)_f_288.jpg,endometriosis,1,c_28,train,True
c_295_v_(video_9755.mp4)_f_3595.jpg,endometriosis,1,c_295,train,True
c_29_v_(video_940.mp4)_f_1371.jpg,endometriosis,1,c_29,train,True
c_29_v_(video_940.mp4)_f_1635.jpg,endometriosis,1,c_29,train,True
c_31_v_(video_1002.mp4)_f_499.jpg,endometriosis,1,c_31,test,True
c_31_v_(video_1002.mp4)_f_91.jpg,endometriosis,1,c_31,test,True
c_31_v_(video_1004.mp4)_f_869.jpg,endometriosis,1,c_31,test,True
c_31_v_(video_993.mp4)_f_75.jpg,endometriosis,1,c_31,test,True
c_31_v_(video_997.mp4)_f_161.jpg,endometriosis,1,c_31,test,True
c_31_v_(video_998.mp4)_f_85.jpg,endometriosis,1,c_31,test,True
c_32_v_(video_1044.mp4)_f_1545.jpg,endometriosis,1,c_32,val,True
c_33_v_(video_1058.mp4)_f_1034.jpg,endometriosis,1,c_33,train,True
c_33_v_(video_1058.mp4)_f_1254.jpg,endometriosis,1,c_33,train,True
c_33_v_(video_1058.mp4)_f_1427.jpg,endometriosis,1,c_33,train,True
c_34_v_(video_1099.mp4)_f_261.jpg,endometriosis,1,c_34,train,True
c_34_v_(video_1099.mp4)_f_5.jpg,endometriosis,1,c_34,train,True
c_37_v_(video_1215.mp4)_f_0.jpg,endometriosis,1,c_37,train,True
c_37_v_(video_1229.mp4)_f_36.jpg,endometriosis,1,c_37,train,True
c_38_v_(video_1253.mp4)_f_1117.jpg,endometriosis,1,c_38,train,True
c_39_v_(video_1263.mp4)_f_1769.jpg,endometriosis,1,c_39,train,True
c_39_v_(video_1263.mp4)_f_481.jpg,endometriosis,1,c_39,train,True
c_3_v_(video_24.mp4)_f_72.jpg,endometriosis,1,c_3,train,True
c_3_v_(video_25.mp4)_f_238.jpg,endometriosis,1,c_3,train,True
c_3_v_(video_25.mp4)_f_249.jpg,endometriosis,1,c_3,train,True
c_3_v_(video_25.mp4)_f_348.jpg,endometriosis,1,c_3,train,True
c_3_v_(video_27.mp4)_f_163.jpg,endometriosis,1,c_3,train,True
c_3_v_(video_27.mp4)_f_338.jpg,endometriosis,1,c_3,train,True
c_3_v_(video_27.mp4)_f_501.jpg,endometriosis,1,c_3,train,True
c_3_v_(video_29.mp4)_f_287.jpg,endometriosis,1,c_3,train,True
c_3_v_(video_29.mp4)_f_443.jpg,endometriosis,1,c_3,train,True
c_3_v_(video_29.mp4)_f_480.jpg,endometriosis,1,c_3,train,True
c_3_v_(video_29.mp4)_f_510.jpg,endometriosis,1,c_3,train,True
c_3_v_(video_29.mp4)_f_627.jpg,endometriosis,1,c_3,train,True
c_40_v_(video_1275.mp4)_f_184.jpg,endometriosis,1,c_40,train,True
c_40_v_(video_1277.mp4)_f_411.jpg,endometriosis,1,c_40,train,True
c_40_v_(video_1281.mp4)_f_262.jpg,endometriosis,1,c_40,train,True
c_40_v_(video_1286.mp4)_f_126.jpg,endometriosis,1,c_40,train,True
c_40_v_(video_1286.mp4)_f_775.jpg,endometriosis,1,c_40,train,True
c_40_v_(video_1288.mp4)_f_17.jpg,endometriosis,1,c_40,train,True
c_41_v_(video_1297.mp4)_f_140.jpg,endometriosis,1,c_41,train,True
c_41_v_(video_1297.mp4)_f_500.jpg,endometriosis,1,c_41,train,True
c_41_v_(video_1297.mp4)_f_826.jpg,endometriosis,1,c_41,train,True
c_42_v_(video_1320.mp4)_f_565.jpg,endometriosis,1,c_42,train,True
c_42_v_(video_1320.mp4)_f_653.jpg,endometriosis,1,c_42,train,True
c_42_v_(video_1322.mp4)_f_276.jpg,endometriosis,1,c_42,train,True
c_42_v_(video_1322.mp4)_f_471.jpg,endometriosis,1,c_42,train,True
c_42_v_(video_1322.mp4)_f_624.jpg,endometriosis,1,c_42,train,True
c_42_v_(video_1323.mp4)_f_183.jpg,endometriosis,1,c_42,train,True
c_43_v_(video_1363.mp4)_f_1062.jpg,endometriosis,1,c_43,val,True
c_43_v_(video_1363.mp4)_f_2080.jpg,endometriosis,1,c_43,val,True
c_43_v_(video_1363.mp4)_f_778.jpg,endometriosis,1,c_43,val,True
c_43_v_(video_1364.mp4)_f_495.jpg,endometriosis,1,c_43,val,True
c_43_v_(video_1366.mp4)_f_0.jpg,endometriosis,1,c_43,val,True
c_44_v_(video_1373.mp4)_f_1199.jpg,endometriosis,1,c_44,train,True
c_44_v_(video_1373.mp4)_f_201.jpg,endometriosis,1,c_44,train,True
c_44_v_(video_1373.mp4)_f_211.jpg,endometriosis,1,c_44,train,True
c_44_v_(video_1373.mp4)_f_215.jpg,endometriosis,1,c_44,train,True
c_44_v_(video_1373.mp4)_f_903.jpg,endometriosis,1,c_44,train,True
c_44_v_(video_1377.mp4)_f_212.jpg,endometriosis,1,c_44,train,True
c_45_v_(video_1386.mp4)_f_563.jpg,endometriosis,1,c_45,train,True
c_45_v_(video_1386.mp4)_f_622.jpg,endometriosis,1,c_45,train,True
c_45_v_(video_1386.mp4)_f_753.jpg,endometriosis,1,c_45,train,True
c_45_v_(video_1396.mp4)_f_1483.jpg,endometriosis,1,c_45,train,True
c_45_v_(video_1396.mp4)_f_2895.jpg,endometriosis,1,c_45,train,True
c_45_v_(video_1396.mp4)_f_3007.jpg,endometriosis,1,c_45,train,True
c_45_v_(video_1396.mp4)_f_408.jpg,endometriosis,1,c_45,train,True
c_46_v_(video_1405.mp4)_f_299.jpg,endometriosis,1,c_46,train,True
c_46_v_(video_1405.mp4)_f_36.jpg,endometriosis,1,c_46,train,True
c_46_v_(video_1405.mp4)_f_568.jpg,endometriosis,1,c_46,train,True
c_46_v_(video_1406.mp4)_f_108.jpg,endometriosis,1,c_46,train,True
c_46_v_(video_1406.mp4)_f_209.jpg,endometriosis,1,c_46,train,True
c_46_v_(video_1406.mp4)_f_426.jpg,endometriosis,1,c_46,train,True
c_46_v_(video_1406.mp4)_f_81.jpg,endometriosis,1,c_46,train,True
c_48_v_(video_1525.mp4)_f_685.jpg,endometriosis,1,c_48,train,True
c_48_v_(video_1525.mp4)_f_759.jpg,endometriosis,1,c_48,train,True
c_49_v_(video_1561.mp4)_f_1248.jpg,endometriosis,1,c_49,test,True
c_49_v_(video_1561.mp4)_f_1299.jpg,endometriosis,1,c_49,test,True
c_49_v_(video_1561.mp4)_f_141.jpg,endometriosis,1,c_49,test,True
c_49_v_(video_1561.mp4)_f_202.jpg,endometriosis,1,c_49,test,True
c_49_v_(video_1561.mp4)_f_334.jpg,endometriosis,1,c_49,test,True
c_49_v_(video_1561.mp4)_f_411.jpg,endometriosis,1,c_49,test,True
c_4_v_(video_47.mp4)_f_3852.jpg,endometriosis,1,c_4,test,True
c_4_v_(video_48.mp4)_f_402.jpg,endometriosis,1,c_4,test,True
c_50_v_(video_1589.mp4)_f_109.jpg,endometriosis,1,c_50,test,True
c_50_v_(video_1589.mp4)_f_220.jpg,endometriosis,1,c_50,test,True
c_51_v_(video_1638.mp4)_f_1710.jpg,endometriosis,1,c_51,train,True
c_51_v_(video_1640.mp4)_f_1162.jpg,endometriosis,1,c_51,train,True
c_51_v_(video_1640.mp4)_f_25.jpg,endometriosis,1,c_51,train,True
c_51_v_(video_1640.mp4)_f_535.jpg,endometriosis,1,c_51,train,True
c_51_v_(video_1640.mp4)_f_643.jpg,endometriosis,1,c_51,train,True
c_52_v_(video_1656.mp4)_f_2711.jpg,endometriosis,1,c_52,test,True
c_52_v_(video_1656.mp4)_f_5548.jpg,endometriosis,1,c_52,test,True
c_55_v_(video_1729.mp4)_f_1915.jpg,endometriosis,1,c_55,train,True
c_57_v_(video_1790.mp4)_f_557.jpg,endometriosis,1,c_57,val,True
c_58_v_(video_1853.mp4)_f_1061.jpg,endometriosis,1,c_58,train,True
c_58_v_(video_1853.mp4)_f_109.jpg,endometriosis,1,c_58,train,True
c_58_v_(video_1853.mp4)_f_510.jpg,endometriosis,1,c_58,train,True
c_58_v_(video_1853.mp4)_f_586.jpg,endometriosis,1,c_58,train,True
c_58_v_(video_1875.mp4)_f_281.jpg,endometriosis,1,c_58,train,True
c_59_v_(video_1898.mp4)_f_1838.jpg,endometriosis,1,c_59,test,True
c_59_v_(video_1898.mp4)_f_47.jpg,endometriosis,1,c_59,test,True
c_59_v_(video_1898.mp4)_f_917.jpg,endometriosis,1,c_59,test,True
c_5_v_(video_62.mp4)_f_681.jpg,endometriosis,1,c_5,train,True
c_5_v_(video_64.mp4)_f_712.jpg,endometriosis,1,c_5,train,True
c_5_v_(video_66.mp4)_f_1754.jpg,endometriosis,1,c_5,train,True
c_5_v_(video_66.mp4)_f_3.jpg,endometriosis,1,c_5,train,True
c_60_v_(video_1945.mp4)_f_1392.jpg,endometriosis,1,c_60,train,True
c_60_v_(video_1945.mp4)_f_366.jpg,endometriosis,1,c_60,train,True
c_60_v_(video_1945.mp4)_f_52.jpg,endometriosis,1,c_60,train,True
c_60_v_(video_1946.mp4)_f_1754.jpg,endometriosis,1,c_60,train,True
c_60_v_(video_1946.mp4)_f_792.jpg,endometriosis,1,c_60,train,True
c_60_v_(video_1946.mp4)_f_963.jpg,endometriosis,1,c_60,train,True
c_61_v_(video_1990.mp4)_f_194.jpg,endometriosis,1,c_61,train,True
c_61_v_(video_1991.mp4)_f_140.jpg,endometriosis,1,c_61,train,True
c_61_v_(video_1991.mp4)_f_83.jpg,endometriosis,1,c_61,train,True
c_62_v_(video_2045.mp4)_f_363.jpg,endometriosis,1,c_62,train,True
c_62_v_(video_2045.mp4)_f_379.jpg,endometriosis,1,c_62,train,True
c_62_v_(video_2045.mp4)_f_846.jpg,endometriosis,1,c_62,train,True
c_62_v_(video_2046.mp4)_f_357.jpg,endometriosis,1,c_62,train,True
c_62_v_(video_2056.mp4)_f_312.jpg,endometriosis,1,c_62,train,True
c_62_v_(video_2056.mp4)_f_56.jpg,endometriosis,1,c_62,train,True
c_62_v_(video_2057.mp4)_f_53.jpg,endometriosis,1,c_62,train,True
c_63_v_(video_2060.mp4)_f_0.jpg,endometriosis,1,c_63,train,True
c_65_v_(video_2087.mp4)_f_1648.jpg,endometriosis,1,c_65,train,True
c_65_v_(video_2087.mp4)_f_1816.jpg,endometriosis,1,c_65,train,True
c_65_v_(video_2087.mp4)_f_2155.jpg,endometriosis,1,c_65,train,True
c_65_v_(video_2087.mp4)_f_2161.jpg,endometriosis,1,c_65,train,True
c_65_v_(video_2087.mp4)_f_274.jpg,endometriosis,1,c_65,train,True
c_65_v_(video_2087.mp4)_f_278.jpg,endometriosis,1,c_65,train,True
c_65_v_(video_2087.mp4)_f_66.jpg,endometriosis,1,c_65,train,True
c_65_v_(video_2087.mp4)_f_714.jpg,endometriosis,1,c_65,train,True
c_65_v_(video_2087.mp4)_f_918.jpg,endometriosis,1,c_65,train,True
c_69_v_(video_2170.mp4)_f_711.jpg,endometriosis,1,c_69,train,True
c_69_v_(video_2171.mp4)_f_40.jpg,endometriosis,1,c_69,train,True
c_6_v_(video_112.mp4)_f_1122.jpg,endometriosis,1,c_6,train,True
c_6_v_(video_112.mp4)_f_120.jpg,endometriosis,1,c_6,train,True
c_6_v_(video_112.mp4)_f_174.jpg,endometriosis,1,c_6,train,True
c_6_v_(video_112.mp4)_f_709.jpg,endometriosis,1,c_6,train,True
c_6_v_(video_84.mp4)_f_459.jpg,endometriosis,1,c_6,train,True
c_6_v_(video_84.mp4)_f_695.jpg,endometriosis,1,c_6,train,True
c_6_v_(video_84.mp4)_f_93.jpg,endometriosis,1,c_6,train,True
c_6_v_(video_89.mp4)_f_177.jpg,endometriosis,1,c_6,train,True
c_6_v_(video_89.mp4)_f_340.jpg,endometriosis,1,c_6,train,True
c_6_v_(video_89.mp4)_f_511.jpg,endometriosis,1,c_6,train,True
c_6_v_(video_90.mp4)_f_212.jpg,endometriosis,1,c_6,train,True
c_6_v_(video_90.mp4)_f_684.jpg,endometriosis,1,c_6,train,True
c_6_v_(video_95.mp4)_f_173.jpg,endometriosis,1,c_6,train,True
c_6_v_(video_95.mp4)_f_226.jpg,endometriosis,1,c_6,train,True
c_6_v_(video_96.mp4)_f_84.jpg,endometriosis,1,c_6,train,True
c_70_v_(video_2176.mp4)_f_221.jpg,endometriosis,1,c_70,val,True
c_70_v_(video_2176.mp4)_f_308.jpg,endometriosis,1,c_70,val,True
c_70_v_(video_2176.mp4)_f_502.jpg,endometriosis,1,c_70,val,True
c_70_v_(video_2178.mp4)_f_769.jpg,endometriosis,1,c_70,val,True
c_72_v_(video_2199.mp4)_f_0.jpg,endometriosis,1,c_72,train,True
c_76_v_(video_2329.mp4)_f_1012.jpg,endometriosis,1,c_76,test,True
c_76_v_(video_2329.mp4)_f_59.jpg,endometriosis,1,c_76,test,True
c_76_v_(video_2330.mp4)_f_161.jpg,endometriosis,1,c_76,test,True
c_76_v_(video_2364.mp4)_f_25.jpg,endometriosis,1,c_76,test,True
c_77_v_(video_2376.mp4)_f_578.jpg,endometriosis,1,c_77,train,True
c_77_v_(video_2376.mp4)_f_817.jpg,endometriosis,1,c_77,train,True
c_77_v_(video_2376.mp4)_f_938.jpg,endometriosis,1,c_77,train,True
c_77_v_(video_2383.mp4)_f_171.jpg,endometriosis,1,c_77,train,True
c_77_v_(video_2383.mp4)_f_54.jpg,endometriosis,1,c_77,train,True
c_79_v_(video_2401.mp4)_f_210.jpg,endometriosis,1,c_79,test,True
c_79_v_(video_2403.mp4)_f_1001.jpg,endometriosis,1,c_79,test,True
c_79_v_(video_2404.mp4)_f_688.jpg,endometriosis,1,c_79,test,True
c_79_v_(video_2405.mp4)_f_42.jpg,endometriosis,1,c_79,test,True
c_7_v_(video_130.mp4)_f_100.jpg,endometriosis,1,c_7,val,True
c_7_v_(video_130.mp4)_f_1233.jpg,endometriosis,1,c_7,val,True
c_7_v_(video_130.mp4)_f_1360.jpg,endometriosis,1,c_7,val,True
c_7_v_(video_130.mp4)_f_241.jpg,endometriosis,1,c_7,val,True
c_7_v_(video_130.mp4)_f_411.jpg,endometriosis,1,c_7,val,True
c_7_v_(video_130.mp4)_f_986.jpg,endometriosis,1,c_7,val,True
c_7_v_(video_134.mp4)_f_1093.jpg,endometriosis,1,c_7,val,True
c_7_v_(video_134.mp4)_f_1716.jpg,endometriosis,1,c_7,val,True
c_7_v_(video_134.mp4)_f_2323.jpg,endometriosis,1,c_7,val,True
c_82_v_(video_2507.mp4)_f_2154.jpg,endometriosis,1,c_82,val,True
c_85_v_(video_2607.mp4)_f_284.jpg,endometriosis,1,c_85,test,True
c_85_v_(video_2607.mp4)_f_733.jpg,endometriosis,1,c_85,test,True
c_86_v_(video_2617.mp4)_f_177.jpg,endometriosis,1,c_86,train,True
c_86_v_(video_2638.mp4)_f_150.jpg,endometriosis,1,c_86,train,True
c_87_v_(video_2641.mp4)_f_163.jpg,endometriosis,1,c_87,train,True
c_87_v_(video_2662.mp4)_f_143.jpg,endometriosis,1,c_87,train,True
c_88_v_(video_2665.mp4)_f_2058.jpg,endometriosis,1,c_88,train,True
c_88_v_(video_2665.mp4)_f_485.jpg,endometriosis,1,c_88,train,True
c_8_v_(video_145.mp4)_f_496.jpg,endometriosis,1,c_8,train,True
c_8_v_(video_146.mp4)_f_298.jpg,endometriosis,1,c_8,train,True
c_8_v_(video_146.mp4)_f_344.jpg,endometriosis,1,c_8,train,True
c_8_v_(video_146.mp4)_f_388.jpg,endometriosis,1,c_8,train,True
c_8_v_(video_147.mp4)_f_11.jpg,endometriosis,1,c_8,train,True
c_8_v_(video_148.mp4)_f_1079.jpg,endometriosis,1,c_8,train,True
c_8_v_(video_148.mp4)_f_164.jpg,endometriosis,1,c_8,train,True
c_8_v_(video_148.mp4)_f_185.jpg,endometriosis,1,c_8,train,True
c_8_v_(video_148.mp4)_f_2515.jpg,endometriosis,1,c_8,train,True
c_8_v_(video_148.mp4)_f_2723.jpg,endometriosis,1,c_8,train,True
c_8_v_(video_148.mp4)_f_973.jpg,endometriosis,1,c_8,train,True
c_8_v_(video_153.mp4)_f_2707.jpg,endometriosis,1,c_8,train,True
c_92_v_(video_2749.mp4)_f_25.jpg,endometriosis,1,c_92,train,True
c_92_v_(video_2787.mp4)_f_199.jpg,endometriosis,1,c_92,train,True
c_92_v_(video_2787.mp4)_f_462.jpg,endometriosis,1,c_92,train,True
c_93_v_(video_2819.mp4)_f_1744.jpg,endometriosis,1,c_93,train,True
c_93_v_(video_2819.mp4)_f_992.jpg,endometriosis,1,c_93,train,True
c_93_v_(video_2824.mp4)_f_0.jpg,endometriosis,1,c_93,train,True
c_93_v_(video_2824.mp4)_f_116.jpg,endometriosis,1,c_93,train,True
c_93_v_(video_2824.mp4)_f_283.jpg,endometriosis,1,c_93,train,True
c_93_v_(video_2824.mp4)_f_383.jpg,endometriosis,1,c_93,train,True
c_93_v_(video_2824.mp4)_f_436.jpg,endometriosis,1,c_93,train,True
c_93_v_(video_2846.mp4)_f_54.jpg,endometriosis,1,c_93,train,True
c_97_v_(video_2912.mp4)_f_71.jpg,endometriosis,1,c_97,train,True
c_97_v_(video_2915.mp4)_f_114.jpg,endometriosis,1,c_97,train,True
c_97_v_(video_2915.mp4)_f_16.jpg,endometriosis,1,c_97,train,True
c_99_v_(video_2998.mp4)_f_256.jpg,endometriosis,1,c_99,test,True
c_99_v_(video_2998.mp4)_f_73.jpg,endometriosis,1,c_99,test,True
c_99_v_(video_3000.mp4)_f_51.jpg,endometriosis,1,c_99,test,True
c_99_v_(video_3006.mp4)_f_102.jpg,endometriosis,1,c_99,test,True
c_99_v_(video_3041.mp4)_f_0.jpg,endometriosis,1,c_99,test,True
c_9_v_(video_168.mp4)_f_1146.jpg,endometriosis,1,c_9,val,True
c_9_v_(video_168.mp4)_f_2210.jpg,endometriosis,1,c_9,val,True
c_9_v_(video_168.mp4)_f_515.jpg,endometriosis,1,c_9,val,True
c_9_v_(video_168.mp4)_f_517.jpg,endometriosis,1,c_9,val,True
c_9_v_(video_168.mp4)_f_670.jpg,endometriosis,1,c_9,val,True
c_9_v_(video_169.mp4)_f_79.jpg,endometriosis,1,c_9,val,True
c_9_v_(video_170.mp4)_f_111.jpg,endometriosis,1,c_9,val,True
c_9_v_(video_172.mp4)_f_0.jpg,endometriosis,1,c_9,val,True
v_2506_s_0-95__f_82.jpg,normal,0,v_2506_s_0-95,train,False
v_2506_s_0-95__f_21.jpg,normal,0,v_2506_s_0-95,train,False
v_2506_s_0-95__f_11.jpg,normal,0,v_2506_s_0-95,train,False
v_2506_s_0-95__f_40.jpg,normal,0,v_2506_s_0-95,train,False
v_2506_s_0-95__f_37.jpg,normal,0,v_2506_s_0-95,train,False
v_2506_s_0-95__f_34.jpg,normal,0,v_2506_s_0-95,train,False
v_2506_s_0-95__f_24.jpg,normal,0,v_2506_s_0-95,train,False
v_2506_s_0-95__f_20.jpg,normal,0,v_2506_s_0-95,train,False
v_2506_s_0-95__f_87.jpg,normal,0,v_2506_s_0-95,train,False
v_2506_s_0-95__f_71.jpg,normal,0,v_2506_s_0-95,train,False
v_2506_s_0-95__f_19.jpg,normal,0,v_2506_s_0-95,train,False
v_2506_s_0-95__f_77.jpg,normal,0,v_2506_s_0-95,train,False
v_2506_s_0-95__f_58.jpg,normal,0,v_2506_s_0-95,train,False
v_2506_s_0-95__f_12.jpg,normal,0,v_2506_s_0-95,train,False
v_2507_s_0-853__f_688.jpg,normal,0,v_2507_s_0-853,train,False
v_2507_s_0-853__f_200.jpg,normal,0,v_2507_s_0-853,train,False
v_2507_s_0-853__f_120.jpg,normal,0,v_2507_s_0-853,train,False
v_2507_s_0-853__f_782.jpg,normal,0,v_2507_s_0-853,train,False
v_2507_s_0-853__f_351.jpg,normal,0,v_2507_s_0-853,train,False
v_2507_s_0-853__f_323.jpg,normal,0,v_2507_s_0-853,train,False
v_2507_s_0-853__f_303.jpg,normal,0,v_2507_s_0-853,train,False
v_2507_s_0-853__f_226.jpg,normal,0,v_2507_s_0-853,train,False
v_2507_s_0-853__f_778.jpg,normal,0,v_2507_s_0-853,train,False
v_2507_s_0-853__f_192.jpg,normal,0,v_2507_s_0-853,train,False
v_2507_s_0-853__f_721.jpg,normal,0,v_2507_s_0-853,train,False
v_2507_s_0-853__f_781.jpg,normal,0,v_2507_s_0-853,train,False
v_2507_s_0-853__f_600.jpg,normal,0,v_2507_s_0-853,train,False
v_2507_s_0-853__f_179.jpg,normal,0,v_2507_s_0-853,train,False
v_2507_s_2320-3371__f_2548.jpg,normal,0,v_2507_s_2320-3371,train,False
v_2507_s_2320-3371__f_2371.jpg,normal,0,v_2507_s_2320-3371,train,False
v_2507_s_2320-3371__f_2883.jpg,normal,0,v_2507_s_2320-3371,train,False
v_2507_s_2320-3371__f_2821.jpg,normal,0,v_2507_s_2320-3371,train,False
v_2507_s_2320-3371__f_2777.jpg,normal,0,v_2507_s_2320-3371,train,False
v_2507_s_2320-3371__f_2605.jpg,normal,0,v_2507_s_2320-3371,train,False
v_2507_s_2320-3371__f_2529.jpg,normal,0,v_2507_s_2320-3371,train,False
v_2507_s_2320-3371__f_2498.jpg,normal,0,v_2507_s_2320-3371,train,False
v_2507_s_2320-3371__f_3184.jpg,normal,0,v_2507_s_2320-3371,train,False
v_2507_s_2320-3371__f_2385.jpg,normal,0,v_2507_s_2320-3371,train,False
v_2507_s_2320-3371__f_2381.jpg,normal,0,v_2507_s_2320-3371,train,False
v_2507_s_2320-3371__f_2511.jpg,normal,0,v_2507_s_2320-3371,train,False
v_2507_s_2320-3371__f_2767.jpg,normal,0,v_2507_s_2320-3371,train,False
v_2507_s_2320-3371__f_2796.jpg,normal,0,v_2507_s_2320-3371,train,False
v_2607_s_2534-2971__f_2861.jpg,normal,0,v_2607_s_2534-2971,train,False
v_2607_s_2534-2971__f_2591.jpg,normal,0,v_2607_s_2534-2971,train,False
v_2607_s_2534-2971__f_2546.jpg,normal,0,v_2607_s_2534-2971,train,False
v_2607_s_2534-2971__f_2913.jpg,normal,0,v_2607_s_2534-2971,train,False
v_2607_s_2534-2971__f_2674.jpg,normal,0,v_2607_s_2534-2971,train,False
v_2607_s_2534-2971__f_2659.jpg,normal,0,v_2607_s_2534-2971,train,False
v_2607_s_2534-2971__f_2648.jpg,normal,0,v_2607_s_2534-2971,train,False
v_2607_s_2534-2971__f_2605.jpg,normal,0,v_2607_s_2534-2971,train,False
v_2607_s_2534-2971__f_2911.jpg,normal,0,v_2607_s_2534-2971,train,False
v_2607_s_2534-2971__f_2586.jpg,normal,0,v_2607_s_2534-2971,train,False
v_2607_s_2534-2971__f_2880.jpg,normal,0,v_2607_s_2534-2971,train,False
v_2607_s_2534-2971__f_2967.jpg,normal,0,v_2607_s_2534-2971,train,False
v_2607_s_2534-2971__f_2813.jpg,normal,0,v_2607_s_2534-2971,train,False
v_2607_s_2534-2971__f_2578.jpg,normal,0,v_2607_s_2534-2971,train,False
v_2690_s_154-252__f_235.jpg,normal,0,v_2690_s_154-252,train,False
v_2690_s_154-252__f_168.jpg,normal,0,v_2690_s_154-252,train,False
v_2690_s_154-252__f_157.jpg,normal,0,v_2690_s_154-252,train,False
v_2690_s_154-252__f_248.jpg,normal,0,v_2690_s_154-252,train,False
v_2690_s_154-252__f_189.jpg,normal,0,v_2690_s_154-252,train,False
v_2690_s_154-252__f_185.jpg,normal,0,v_2690_s_154-252,train,False
v_2690_s_154-252__f_182.jpg,normal,0,v_2690_s_154-252,train,False
v_2690_s_154-252__f_171.jpg,normal,0,v_2690_s_154-252,train,False
v_2690_s_154-252__f_167.jpg,normal,0,v_2690_s_154-252,train,False
v_2690_s_154-252__f_240.jpg,normal,0,v_2690_s_154-252,train,False
v_2690_s_154-252__f_223.jpg,normal,0,v_2690_s_154-252,train,False
v_2690_s_154-252__f_165.jpg,normal,0,v_2690_s_154-252,train,False
v_2690_s_154-252__f_229.jpg,normal,0,v_2690_s_154-252,train,False
v_2690_s_154-252__f_208.jpg,normal,0,v_2690_s_154-252,train,False
v_2736_s_19-698__f_75.jpg,normal,0,v_2736_s_19-698,train,False
v_2736_s_19-698__f_211.jpg,normal,0,v_2736_s_19-698,train,False
v_2736_s_19-698__f_125.jpg,normal,0,v_2736_s_19-698,train,False
v_2736_s_19-698__f_363.jpg,normal,0,v_2736_s_19-698,train,False
v_2736_s_19-698__f_335.jpg,normal,0,v_2736_s_19-698,train,False
v_2736_s_19-698__f_315.jpg,normal,0,v_2736_s_19-698,train,False
v_2736_s_19-698__f_237.jpg,normal,0,v_2736_s_19-698,train,False
v_2736_s_19-698__f_202.jpg,normal,0,v_2736_s_19-698,train,False
v_2736_s_19-698__f_615.jpg,normal,0,v_2736_s_19-698,train,False
v_2736_s_19-698__f_189.jpg,normal,0,v_2736_s_19-698,train,False
v_2736_s_19-698__f_657.jpg,normal,0,v_2736_s_19-698,train,False
v_2736_s_19-698__f_500.jpg,normal,0,v_2736_s_19-698,train,False
v_2736_s_19-698__f_132.jpg,normal,0,v_2736_s_19-698,train,False
v_2736_s_19-698__f_130.jpg,normal,0,v_2736_s_19-698,train,False
v_3312_s_0-278__f_15.jpg,normal,0,v_3312_s_0-278,train,False
v_3312_s_0-278__f_109.jpg,normal,0,v_3312_s_0-278,train,False
v_3312_s_0-278__f_224.jpg,normal,0,v_3312_s_0-278,train,False
v_3312_s_0-278__f_210.jpg,normal,0,v_3312_s_0-278,train,False
v_3312_s_0-278__f_200.jpg,normal,0,v_3312_s_0-278,train,False
v_3312_s_0-278__f_162.jpg,normal,0,v_3312_s_0-278,train,False
v_3312_s_0-278__f_145.jpg,normal,0,v_3312_s_0-278,train,False
v_3312_s_0-278__f_138.jpg,normal,0,v_3312_s_0-278,train,False
v_3312_s_0-278__f_43.jpg,normal,0,v_3312_s_0-278,train,False
v_3312_s_0-278__f_112.jpg,normal,0,v_3312_s_0-278,train,False
v_3312_s_0-278__f_111.jpg,normal,0,v_3312_s_0-278,train,False
v_3312_s_0-278__f_140.jpg,normal,0,v_3312_s_0-278,train,False
v_3312_s_0-278__f_199.jpg,normal,0,v_3312_s_0-278,train,False
v_3312_s_0-278__f_205.jpg,normal,0,v_3312_s_0-278,train,False
v_3312_s_1737-1823__f_1818.jpg,normal,0,v_3312_s_1737-1823,train,False
v_3312_s_1737-1823__f_1751.jpg,normal,0,v_3312_s_1737-1823,train,False
v_3312_s_1737-1823__f_1740.jpg,normal,0,v_3312_s_1737-1823,train,False
v_3312_s_1737-1823__f_1772.jpg,normal,0,v_3312_s_1737-1823,train,False
v_3312_s_1737-1823__f_1768.jpg,normal,0,v_3312_s_1737-1823,train,False
v_3312_s_1737-1823__f_1765.jpg,normal,0,v_3312_s_1737-1823,train,False
v_3312_s_1737-1823__f_1754.jpg,normal,0,v_3312_s_1737-1823,train,False
v_3312_s_1737-1823__f_1750.jpg,normal,0,v_3312_s_1737-1823,train,False
v_3312_s_1737-1823__f_1806.jpg,normal,0,v_3312_s_1737-1823,train,False
v_3312_s_1737-1823__f_1748.jpg,normal,0,v_3312_s_1737-1823,train,False
v_3312_s_1737-1823__f_1812.jpg,normal,0,v_3312_s_1737-1823,train,False
v_3312_s_1737-1823__f_1791.jpg,normal,0,v_3312_s_1737-1823,train,False
v_3312_s_1737-1823__f_1741.jpg,normal,0,v_3312_s_1737-1823,train,False
v_3312_s_1737-1823__f_1820.jpg,normal,0,v_3312_s_1737-1823,train,False
v_3315_s_1-237__f_33.jpg,normal,0,v_3315_s_1-237,train,False
v_3315_s_1-237__f_124.jpg,normal,0,v_3315_s_1-237,train,False
v_3315_s_1-237__f_104.jpg,normal,0,v_3315_s_1-237,train,False
v_3315_s_1-237__f_57.jpg,normal,0,v_3315_s_1-237,train,False
v_3315_s_1-237__f_162.jpg,normal,0,v_3315_s_1-237,train,False
v_3315_s_1-237__f_155.jpg,normal,0,v_3315_s_1-237,train,False
v_3315_s_1-237__f_150.jpg,normal,0,v_3315_s_1-237,train,False
v_3315_s_1-237__f_130.jpg,normal,0,v_3315_s_1-237,train,False
v_3315_s_1-237__f_56.jpg,normal,0,v_3315_s_1-237,train,False
v_3315_s_1-237__f_122.jpg,normal,0,v_3315_s_1-237,train,False
v_3315_s_1-237__f_42.jpg,normal,0,v_3315_s_1-237,train,False
v_3315_s_1-237__f_96.jpg,normal,0,v_3315_s_1-237,train,False
v_3315_s_1-237__f_224.jpg,normal,0,v_3315_s_1-237,train,False
v_3315_s_1-237__f_119.jpg,normal,0,v_3315_s_1-237,train,False
v_3528_s_1030-2231__f_1258.jpg,normal,0,v_3528_s_1030-2231,val,False
v_3528_s_1030-2231__f_1081.jpg,normal,0,v_3528_s_1030-2231,val,False
v_3528_s_1030-2231__f_1593.jpg,normal,0,v_3528_s_1030-2231,val,False
v_3528_s_1030-2231__f_1531.jpg,normal,0,v_3528_s_1030-2231,val,False
v_3528_s_1030-2231__f_1487.jpg,normal,0,v_3528_s_1030-2231,val,False
v_3528_s_1030-2231__f_1315.jpg,normal,0,v_3528_s_1030-2231,val,False
v_3528_s_1030-2231__f_1239.jpg,normal,0,v_3528_s_1030-2231,val,False
v_3528_s_1030-2231__f_2146.jpg,normal,0,v_3528_s_1030-2231,val,False
v_3528_s_1030-2231__f_1208.jpg,normal,0,v_3528_s_1030-2231,val,False
v_3528_s_1030-2231__f_1894.jpg,normal,0,v_3528_s_1030-2231,val,False
v_3528_s_1030-2231__f_1095.jpg,normal,0,v_3528_s_1030-2231,val,False
v_3528_s_1030-2231__f_1091.jpg,normal,0,v_3528_s_1030-2231,val,False
v_3528_s_1030-2231__f_1221.jpg,normal,0,v_3528_s_1030-2231,val,False
v_3528_s_1030-2231__f_1477.jpg,normal,0,v_3528_s_1030-2231,val,False
v_3528_s_179-537__f_506.jpg,normal,0,v_3528_s_179-537,train,False
v_3528_s_179-537__f_236.jpg,normal,0,v_3528_s_179-537,train,False
v_3528_s_179-537__f_191.jpg,normal,0,v_3528_s_179-537,train,False
v_3528_s_179-537__f_319.jpg,normal,0,v_3528_s_179-537,train,False
v_3528_s_179-537__f_304.jpg,normal,0,v_3528_s_179-537,train,False
v_3528_s_179-537__f_293.jpg,normal,0,v_3528_s_179-537,train,False
v_3528_s_179-537__f_250.jpg,normal,0,v_3528_s_179-537,train,False
v_3528_s_179-537__f_231.jpg,normal,0,v_3528_s_179-537,train,False
v_3528_s_179-537__f_525.jpg,normal,0,v_3528_s_179-537,train,False
v_3528_s_179-537__f_458.jpg,normal,0,v_3528_s_179-537,train,False
v_3528_s_179-537__f_223.jpg,normal,0,v_3528_s_179-537,train,False
v_3528_s_179-537__f_481.jpg,normal,0,v_3528_s_179-537,train,False
v_3528_s_179-537__f_395.jpg,normal,0,v_3528_s_179-537,train,False
v_3528_s_179-537__f_195.jpg,normal,0,v_3528_s_179-537,train,False
v_3570_s_1247-1816__f_1361.jpg,normal,0,v_3570_s_1247-1816,test,False
v_3570_s_1247-1816__f_1272.jpg,normal,0,v_3570_s_1247-1816,test,False
v_3570_s_1247-1816__f_1528.jpg,normal,0,v_3570_s_1247-1816,test,False
v_3570_s_1247-1816__f_1497.jpg,normal,0,v_3570_s_1247-1816,test,False
v_3570_s_1247-1816__f_1475.jpg,normal,0,v_3570_s_1247-1816,test,False
v_3570_s_1247-1816__f_1389.jpg,normal,0,v_3570_s_1247-1816,test,False
v_3570_s_1247-1816__f_1351.jpg,normal,0,v_3570_s_1247-1816,test,False
v_3570_s_1247-1816__f_1805.jpg,normal,0,v_3570_s_1247-1816,test,False
v_3570_s_1247-1816__f_1336.jpg,normal,0,v_3570_s_1247-1816,test,False
v_3570_s_1247-1816__f_1679.jpg,normal,0,v_3570_s_1247-1816,test,False
v_3570_s_1247-1816__f_1279.jpg,normal,0,v_3570_s_1247-1816,test,False
v_3570_s_1247-1816__f_1277.jpg,normal,0,v_3570_s_1247-1816,test,False
v_3570_s_1247-1816__f_1342.jpg,normal,0,v_3570_s_1247-1816,test,False
v_3570_s_1247-1816__f_1470.jpg,normal,0,v_3570_s_1247-1816,test,False
v_3598_s_197-518__f_254.jpg,normal,0,v_3598_s_197-518,train,False
v_3598_s_197-518__f_209.jpg,normal,0,v_3598_s_197-518,train,False
v_3598_s_197-518__f_337.jpg,normal,0,v_3598_s_197-518,train,False
v_3598_s_197-518__f_322.jpg,normal,0,v_3598_s_197-518,train,False
v_3598_s_197-518__f_311.jpg,normal,0,v_3598_s_197-518,train,False
v_3598_s_197-518__f_268.jpg,normal,0,v_3598_s_197-518,train,False
v_3598_s_197-518__f_249.jpg,normal,0,v_3598_s_197-518,train,False
v_3598_s_197-518__f_476.jpg,normal,0,v_3598_s_197-518,train,False
v_3598_s_197-518__f_241.jpg,normal,0,v_3598_s_197-518,train,False
v_3598_s_197-518__f_499.jpg,normal,0,v_3598_s_197-518,train,False
v_3598_s_197-518__f_413.jpg,normal,0,v_3598_s_197-518,train,False
v_3598_s_197-518__f_213.jpg,normal,0,v_3598_s_197-518,train,False
v_3598_s_197-518__f_212.jpg,normal,0,v_3598_s_197-518,train,False
v_3598_s_197-518__f_244.jpg,normal,0,v_3598_s_197-518,train,False
v_3712_s_367-410__f_407.jpg,normal,0,v_3712_s_367-410,val,False
v_3712_s_367-410__f_374.jpg,normal,0,v_3712_s_367-410,val,False
v_3712_s_367-410__f_368.jpg,normal,0,v_3712_s_367-410,val,False
v_3712_s_367-410__f_384.jpg,normal,0,v_3712_s_367-410,val,False
v_3712_s_367-410__f_382.jpg,normal,0,v_3712_s_367-410,val,False
v_3712_s_367-410__f_381.jpg,normal,0,v_3712_s_367-410,val,False
v_3712_s_367-410__f_375.jpg,normal,0,v_3712_s_367-410,val,False
v_3712_s_367-410__f_373.jpg,normal,0,v_3712_s_367-410,val,False
v_3712_s_367-410__f_401.jpg,normal,0,v_3712_s_367-410,val,False
v_3712_s_367-410__f_372.jpg,normal,0,v_3712_s_367-410,val,False
v_3712_s_367-410__f_394.jpg,normal,0,v_3712_s_367-410,val,False
v_3712_s_367-410__f_369.jpg,normal,0,v_3712_s_367-410,val,False
v_3712_s_367-410__f_367.jpg,normal,0,v_3712_s_367-410,val,False
v_3712_s_367-410__f_398.jpg,normal,0,v_3712_s_367-410,val,False
v_3712_s_949-1095__f_1028.jpg,normal,0,v_3712_s_949-1095,val,False
v_3712_s_949-1095__f_1006.jpg,normal,0,v_3712_s_949-1095,val,False
v_3712_s_949-1095__f_1070.jpg,normal,0,v_3712_s_949-1095,val,False
v_3712_s_949-1095__f_1062.jpg,normal,0,v_3712_s_949-1095,val,False
v_3712_s_949-1095__f_1057.jpg,normal,0,v_3712_s_949-1095,val,False
v_3712_s_949-1095__f_1035.jpg,normal,0,v_3712_s_949-1095,val,False
v_3712_s_949-1095__f_1026.jpg,normal,0,v_3712_s_949-1095,val,False
v_3712_s_949-1095__f_1022.jpg,normal,0,v_3712_s_949-1095,val,False
v_3712_s_949-1095__f_962.jpg,normal,0,v_3712_s_949-1095,val,False
v_3712_s_949-1095__f_1008.jpg,normal,0,v_3712_s_949-1095,val,False
v_3712_s_949-1095__f_1007.jpg,normal,0,v_3712_s_949-1095,val,False
v_3712_s_949-1095__f_1023.jpg,normal,0,v_3712_s_949-1095,val,False
v_3712_s_949-1095__f_1055.jpg,normal,0,v_3712_s_949-1095,val,False
v_3712_s_949-1095__f_1059.jpg,normal,0,v_3712_s_949-1095,val,False
v_3750_s_80-1904__f_505.jpg,normal,0,v_3750_s_80-1904,val,False
v_3750_s_80-1904__f_1207.jpg,normal,0,v_3750_s_80-1904,val,False
v_3750_s_80-1904__f_1046.jpg,normal,0,v_3750_s_80-1904,val,False
v_3750_s_80-1904__f_714.jpg,normal,0,v_3750_s_80-1904,val,False
v_3750_s_80-1904__f_1511.jpg,normal,0,v_3750_s_80-1904,val,False
v_3750_s_80-1904__f_1455.jpg,normal,0,v_3750_s_80-1904,val,False
v_3750_s_80-1904__f_1415.jpg,normal,0,v_3750_s_80-1904,val,False
v_3750_s_80-1904__f_1259.jpg,normal,0,v_3750_s_80-1904,val,False
v_3750_s_80-1904__f_704.jpg,normal,0,v_3750_s_80-1904,val,False
v_3750_s_80-1904__f_119.jpg,normal,0,v_3750_s_80-1904,val,False
v_3750_s_80-1904__f_581.jpg,normal,0,v_3750_s_80-1904,val,False
v_3750_s_80-1904__f_712.jpg,normal,0,v_3750_s_80-1904,val,False
v_3750_s_80-1904__f_312.jpg,normal,0,v_3750_s_80-1904,val,False
v_3750_s_80-1904__f_1161.jpg,normal,0,v_3750_s_80-1904,val,False
v_4044_s_0-253__f_245.jpg,normal,0,v_4044_s_0-253,test,False
v_4044_s_0-253__f_123.jpg,normal,0,v_4044_s_0-253,test,False
v_4044_s_0-253__f_103.jpg,normal,0,v_4044_s_0-253,test,False
v_4044_s_0-253__f_41.jpg,normal,0,v_4044_s_0-253,test,False
v_4044_s_0-253__f_161.jpg,normal,0,v_4044_s_0-253,test,False
v_4044_s_0-253__f_154.jpg,normal,0,v_4044_s_0-253,test,False
v_4044_s_0-253__f_15.jpg,normal,0,v_4044_s_0-253,test,False
v_4044_s_0-253__f_13.jpg,normal,0,v_4044_s_0-253,test,False
v_4044_s_0-253__f_40.jpg,normal,0,v_4044_s_0-253,test,False
v_4044_s_0-253__f_121.jpg,normal,0,v_4044_s_0-253,test,False
v_4044_s_0-253__f_27.jpg,normal,0,v_4044_s_0-253,test,False
v_4044_s_0-253__f_96.jpg,normal,0,v_4044_s_0-253,test,False
v_4044_s_0-253__f_77.jpg,normal,0,v_4044_s_0-253,test,False
v_4044_s_0-253__f_223.jpg,normal,0,v_4044_s_0-253,test,False
v_4466_s_0-186__f_79.jpg,normal,0,v_4466_s_0-186,train,False
v_4466_s_0-186__f_123.jpg,normal,0,v_4466_s_0-186,train,False
v_4466_s_0-186__f_103.jpg,normal,0,v_4466_s_0-186,train,False
v_4466_s_0-186__f_161.jpg,normal,0,v_4466_s_0-186,train,False
v_4466_s_0-186__f_154.jpg,normal,0,v_4466_s_0-186,train,False
v_4466_s_0-186__f_15.jpg,normal,0,v_4466_s_0-186,train,False
v_4466_s_0-186__f_13.jpg,normal,0,v_4466_s_0-186,train,False
v_4466_s_0-186__f_121.jpg,normal,0,v_4466_s_0-186,train,False
v_4466_s_0-186__f_88.jpg,normal,0,v_4466_s_0-186,train,False
v_4466_s_0-186__f_57.jpg,normal,0,v_4466_s_0-186,train,False
v_4466_s_0-186__f_118.jpg,normal,0,v_4466_s_0-186,train,False
v_4466_s_0-186__f_68.jpg,normal,0,v_4466_s_0-186,train,False
v_4466_s_0-186__f_29.jpg,normal,0,v_4466_s_0-186,train,False
v_4466_s_0-186__f_105.jpg,normal,0,v_4466_s_0-186,train,False
v_4581_s_0-342__f_86.jpg,normal,0,v_4581_s_0-342,train,False
v_4581_s_0-342__f_15.jpg,normal,0,v_4581_s_0-342,train,False
v_4581_s_0-342__f_109.jpg,normal,0,v_4581_s_0-342,train,False
v_4581_s_0-342__f_224.jpg,normal,0,v_4581_s_0-342,train,False
v_4581_s_0-342__f_210.jpg,normal,0,v_4581_s_0-342,train,False
v_4581_s_0-342__f_200.jpg,normal,0,v_4581_s_0-342,train,False
v_4581_s_0-342__f_162.jpg,normal,0,v_4581_s_0-342,train,False
v_4581_s_0-342__f_145.jpg,normal,0,v_4581_s_0-342,train,False
v_4581_s_0-342__f_42.jpg,normal,0,v_4581_s_0-342,train,False
v_4581_s_0-342__f_138.jpg,normal,0,v_4581_s_0-342,train,False
v_4581_s_0-342__f_63.jpg,normal,0,v_4581_s_0-342,train,False
v_4581_s_0-342__f_293.jpg,normal,0,v_4581_s_0-342,train,False
v_4581_s_0-342__f_112.jpg,normal,0,v_4581_s_0-342,train,False
v_4581_s_0-342__f_111.jpg,normal,0,v_4581_s_0-342,train,False
v_4761_s_0-354__f_75.jpg,normal,0,v_4761_s_0-354,train,False
v_4761_s_0-354__f_15.jpg,normal,0,v_4761_s_0-354,train,False
v_4761_s_0-354__f_109.jpg,normal,0,v_4761_s_0-354,train,False
v_4761_s_0-354__f_224.jpg,normal,0,v_4761_s_0-354,train,False
v_4761_s_0-354__f_210.jpg,normal,0,v_4761_s_0-354,train,False
v_4761_s_0-354__f_200.jpg,normal,0,v_4761_s_0-354,train,False
v_4761_s_0-354__f_162.jpg,normal,0,v_4761_s_0-354,train,False
v_4761_s_0-354__f_145.jpg,normal,0,v_4761_s_0-354,train,False
v_4761_s_0-354__f_35.jpg,normal,0,v_4761_s_0-354,train,False
v_4761_s_0-354__f_138.jpg,normal,0,v_4761_s_0-354,train,False
v_4761_s_0-354__f_52.jpg,normal,0,v_4761_s_0-354,train,False
v_4761_s_0-354__f_293.jpg,normal,0,v_4761_s_0-354,train,False
v_4761_s_0-354__f_112.jpg,normal,0,v_4761_s_0-354,train,False
v_4761_s_0-354__f_111.jpg,normal,0,v_4761_s_0-354,train,False
v_4763_s_30-2507__f_1414.jpg,normal,0,v_4763_s_30-2507,train,False
v_4763_s_30-2507__f_1092.jpg,normal,0,v_4763_s_30-2507,train,False
v_4763_s_30-2507__f_2023.jpg,normal,0,v_4763_s_30-2507,train,False
v_4763_s_30-2507__f_1911.jpg,normal,0,v_4763_s_30-2507,train,False
v_4763_s_30-2507__f_1830.jpg,normal,0,v_4763_s_30-2507,train,False
v_4763_s_30-2507__f_1519.jpg,normal,0,v_4763_s_30-2507,train,False
v_4763_s_30-2507__f_1380.jpg,normal,0,v_4763_s_30-2507,train,False
v_4763_s_30-2507__f_778.jpg,normal,0,v_4763_s_30-2507,train,False
v_4763_s_30-2507__f_1323.jpg,normal,0,v_4763_s_30-2507,train,False
v_4763_s_30-2507__f_946.jpg,normal,0,v_4763_s_30-2507,train,False
v_4763_s_30-2507__f_319.jpg,normal,0,v_4763_s_30-2507,train,False
v_4763_s_30-2507__f_1118.jpg,normal,0,v_4763_s_30-2507,train,False
v_4763_s_30-2507__f_1110.jpg,normal,0,v_4763_s_30-2507,train,False
v_4763_s_30-2507__f_1348.jpg,normal,0,v_4763_s_30-2507,train,False
v_4770_s_2421-2463__f_2461.jpg,normal,0,v_4770_s_2421-2463,train,False
v_4770_s_2421-2463__f_2428.jpg,normal,0,v_4770_s_2421-2463,train,False
v_4770_s_2421-2463__f_2422.jpg,normal,0,v_4770_s_2421-2463,train,False
v_4770_s_2421-2463__f_2438.jpg,normal,0,v_4770_s_2421-2463,train,False
v_4770_s_2421-2463__f_2436.jpg,normal,0,v_4770_s_2421-2463,train,False
v_4770_s_2421-2463__f_2435.jpg,normal,0,v_4770_s_2421-2463,train,False
v_4770_s_2421-2463__f_2429.jpg,normal,0,v_4770_s_2421-2463,train,False
v_4770_s_2421-2463__f_2427.jpg,normal,0,v_4770_s_2421-2463,train,False
v_4770_s_2421-2463__f_2426.jpg,normal,0,v_4770_s_2421-2463,train,False
v_4770_s_2421-2463__f_2448.jpg,normal,0,v_4770_s_2421-2463,train,False
v_4770_s_2421-2463__f_2423.jpg,normal,0,v_4770_s_2421-2463,train,False
v_4770_s_2421-2463__f_2421.jpg,normal,0,v_4770_s_2421-2463,train,False
v_4770_s_2421-2463__f_2452.jpg,normal,0,v_4770_s_2421-2463,train,False
v_4770_s_2421-2463__f_2455.jpg,normal,0,v_4770_s_2421-2463,train,False
v_4770_s_2649-3117__f_2976.jpg,normal,0,v_4770_s_2649-3117,test,False
v_4770_s_2649-3117__f_2706.jpg,normal,0,v_4770_s_2649-3117,test,False
v_4770_s_2649-3117__f_2661.jpg,normal,0,v_4770_s_2649-3117,test,False
v_4770_s_2649-3117__f_3028.jpg,normal,0,v_4770_s_2649-3117,test,False
v_4770_s_2649-3117__f_2789.jpg,normal,0,v_4770_s_2649-3117,test,False
v_4770_s_2649-3117__f_2774.jpg,normal,0,v_4770_s_2649-3117,test,False
v_4770_s_2649-3117__f_2763.jpg,normal,0,v_4770_s_2649-3117,test,False
v_4770_s_2649-3117__f_2720.jpg,normal,0,v_4770_s_2649-3117,test,False
v_4770_s_2649-3117__f_3026.jpg,normal,0,v_4770_s_2649-3117,test,False
v_4770_s_2649-3117__f_2701.jpg,normal,0,v_4770_s_2649-3117,test,False
v_4770_s_2649-3117__f_2995.jpg,normal,0,v_4770_s_2649-3117,test,False
v_4770_s_2649-3117__f_3113.jpg,normal,0,v_4770_s_2649-3117,test,False
v_4770_s_2649-3117__f_2928.jpg,normal,0,v_4770_s_2649-3117,test,False
v_4770_s_30-361__f_96.jpg,normal,0,v_4770_s_30-361,train,False
v_4770_s_30-361__f_157.jpg,normal,0,v_4770_s_30-361,train,False
v_4770_s_30-361__f_112.jpg,normal,0,v_4770_s_30-361,train,False
v_4770_s_30-361__f_240.jpg,normal,0,v_4770_s_30-361,train,False
v_4770_s_30-361__f_225.jpg,normal,0,v_4770_s_30-361,train,False
v_4770_s_30-361__f_214.jpg,normal,0,v_4770_s_30-361,train,False
v_4770_s_30-361__f_171.jpg,normal,0,v_4770_s_30-361,train,False
v_4770_s_30-361__f_152.jpg,normal,0,v_4770_s_30-361,train,False
v_4770_s_30-361__f_48.jpg,normal,0,v_4770_s_30-361,train,False
v_4770_s_30-361__f_144.jpg,normal,0,v_4770_s_30-361,train,False
v_4770_s_30-361__f_71.jpg,normal,0,v_4770_s_30-361,train,False
v_4770_s_30-361__f_314.jpg,normal,0,v_4770_s_30-361,train,False
v_4770_s_30-361__f_116.jpg,normal,0,v_4770_s_30-361,train,False
v_5280_s_89-491__f_427.jpg,normal,0,v_5280_s_89-491,test,False
v_5280_s_89-491__f_157.jpg,normal,0,v_5280_s_89-491,test,False
v_5280_s_89-491__f_112.jpg,normal,0,v_5280_s_89-491,test,False
v_5280_s_89-491__f_479.jpg,normal,0,v_5280_s_89-491,test,False
v_5280_s_89-491__f_240.jpg,normal,0,v_5280_s_89-491,test,False
v_5280_s_89-491__f_225.jpg,normal,0,v_5280_s_89-491,test,False
v_5280_s_89-491__f_214.jpg,normal,0,v_5280_s_89-491,test,False
v_5280_s_89-491__f_171.jpg,normal,0,v_5280_s_89-491,test,False
v_5280_s_89-491__f_477.jpg,normal,0,v_5280_s_89-491,test,False
v_5280_s_89-491__f_152.jpg,normal,0,v_5280_s_89-491,test,False
v_5280_s_89-491__f_446.jpg,normal,0,v_5280_s_89-491,test,False
v_5280_s_89-491__f_96.jpg,normal,0,v_5280_s_89-491,test,False
v_5280_s_89-491__f_379.jpg,normal,0,v_5280_s_89-491,test,False
v_5675_s_277-396__f_358.jpg,normal,0,v_5675_s_277-396,train,False
v_5675_s_277-396__f_291.jpg,normal,0,v_5675_s_277-396,train,False
v_5675_s_277-396__f_280.jpg,normal,0,v_5675_s_277-396,train,False
v_5675_s_277-396__f_371.jpg,normal,0,v_5675_s_277-396,train,False
v_5675_s_277-396__f_312.jpg,normal,0,v_5675_s_277-396,train,False
v_5675_s_277-396__f_308.jpg,normal,0,v_5675_s_277-396,train,False
v_5675_s_277-396__f_305.jpg,normal,0,v_5675_s_277-396,train,False
v_5675_s_277-396__f_294.jpg,normal,0,v_5675_s_277-396,train,False
v_5675_s_277-396__f_392.jpg,normal,0,v_5675_s_277-396,train,False
v_5675_s_277-396__f_290.jpg,normal,0,v_5675_s_277-396,train,False
v_5675_s_277-396__f_363.jpg,normal,0,v_5675_s_277-396,train,False
v_5675_s_277-396__f_387.jpg,normal,0,v_5675_s_277-396,train,False
v_5675_s_277-396__f_346.jpg,normal,0,v_5675_s_277-396,train,False
v_5675_s_547-736__f_710.jpg,normal,0,v_5675_s_547-736,train,False
v_5675_s_547-736__f_575.jpg,normal,0,v_5675_s_547-736,train,False
v_5675_s_547-736__f_553.jpg,normal,0,v_5675_s_547-736,train,False
v_5675_s_547-736__f_617.jpg,normal,0,v_5675_s_547-736,train,False
v_5675_s_547-736__f_609.jpg,normal,0,v_5675_s_547-736,train,False
v_5675_s_547-736__f_604.jpg,normal,0,v_5675_s_547-736,train,False
v_5675_s_547-736__f_582.jpg,normal,0,v_5675_s_547-736,train,False
v_5675_s_547-736__f_573.jpg,normal,0,v_5675_s_547-736,train,False
v_5675_s_547-736__f_720.jpg,normal,0,v_5675_s_547-736,train,False
v_5675_s_547-736__f_686.jpg,normal,0,v_5675_s_547-736,train,False
v_5675_s_547-736__f_569.jpg,normal,0,v_5675_s_547-736,train,False
v_5675_s_547-736__f_698.jpg,normal,0,v_5675_s_547-736,train,False
v_5675_s_547-736__f_655.jpg,normal,0,v_5675_s_547-736,train,False
