section,model,metric,value,spread_or_ci,detail
cv_mean_std,ResNet50,Accuracy,0.7843,0.1858,0.8000 0.8683 0.4595 0.8968 0.8968
cv_mean_std,ResNet50,Precision,0.7387,0.2486,0.7033 0.8667 0.3190 0.9029 0.9014
cv_mean_std,ResNet50,Recall,0.9404,0.0248,0.9552 0.9192 0.9737 0.9394 0.9143
cv_mean_std,ResNet50,F1,0.8023,0.1850,0.8101 0.8922 0.4805 0.9208 0.9078
cv_mean_std,ResNet50,AUC,0.9222,0.0655,0.9414 0.9437 0.8081 0.9408 0.9768
cv_mean_std,EfficientNet-B0,Accuracy,0.7985,0.1044,0.7933 0.8323 0.6216 0.8645 0.8810
cv_mean_std,EfficientNet-B0,Precision,0.7455,0.2151,0.6915 0.8381 0.3929 0.9062 0.8986
cv_mean_std,EfficientNet-B0,Recall,0.8984,0.0409,0.9701 0.8889 0.8684 0.8788 0.8857
cv_mean_std,EfficientNet-B0,F1,0.7991,0.1484,0.8075 0.8627 0.5410 0.8923 0.8921
cv_mean_std,EfficientNet-B0,AUC,0.9220,0.0585,0.9556 0.9275 0.8225 0.9322 0.9722
cv_mean_std,ViT-B/16,Accuracy,0.7620,0.1714,0.7667 0.8743 0.4662 0.8774 0.8254
cv_mean_std,ViT-B/16,Precision,0.7141,0.2377,0.6702 0.9149 0.3217 0.8636 0.8000
cv_mean_std,ViT-B/16,Recall,0.9313,0.0415,0.9403 0.8687 0.9737 0.9596 0.9143
cv_mean_std,ViT-B/16,F1,0.7840,0.1747,0.7826 0.8912 0.4837 0.9091 0.8533
cv_mean_std,ViT-B/16,AUC,0.9151,0.0545,0.9229 0.9327 0.8201 0.9443 0.9554
pooled_oof,ResNet50,AUC,0.8983,"[0.8755,0.9202]",n=746
pooled_oof,ResNet50,Accuracy,0.7842,,
pooled_oof,ResNet50,Precision,0.7181,,
pooled_oof,ResNet50,Recall,0.9357,,
pooled_oof,ResNet50,F1,0.8126,,
pooled_oof,EfficientNet-B0,AUC,0.9128,"[0.8924,0.9319]",n=746
pooled_oof,EfficientNet-B0,Accuracy,0.7976,,
pooled_oof,EfficientNet-B0,Precision,0.7478,,
pooled_oof,EfficientNet-B0,Recall,0.8981,,
pooled_oof,EfficientNet-B0,F1,0.8161,,
pooled_oof,ViT-B/16,AUC,0.8586,"[0.8304,0.8856]",n=746
pooled_oof,ViT-B/16,Accuracy,0.7641,,
pooled_oof,ViT-B/16,Precision,0.6998,,
pooled_oof,ViT-B/16,Recall,0.9249,,
pooled_oof,ViT-B/16,F1,0.7968,,
single_vs_cv,ResNet50,AUC,0.9151,0.9222,0.8983
single_vs_cv,EfficientNet-B0,AUC,0.8326,0.9220,0.9128
single_vs_cv,ViT-B/16,AUC,0.8595,0.9151,0.8586
