model,fold,n_train,n_test,val_AUC,Accuracy,Precision,Recall,F1,AUC
ResNet50,0,466,176,0.9612,0.75,0.6579,0.9375,0.7732,0.9358
ResNet50,1,514,125,0.9335,0.944,0.9872,0.9277,0.9565,0.9845
ResNet50,2,487,135,0.982,0.7556,0.6406,0.8039,0.713,0.834
ResNet50,3,512,131,0.9811,0.916,0.9024,0.961,0.9308,0.9601
ResNet50,4,475,179,0.7885,0.7486,0.7681,0.6463,0.702,0.7982
EfficientNet-B0,0,466,176,0.9186,0.7784,0.6881,0.9375,0.7937,0.9076
EfficientNet-B0,1,514,125,0.9205,0.92,1.0,0.8795,0.9359,0.9862
EfficientNet-B0,2,487,135,0.9652,0.6519,0.5244,0.8431,0.6466,0.7887
EfficientNet-B0,3,512,131,0.95,0.8321,0.7835,0.987,0.8736,0.9887
EfficientNet-B0,4,475,179,0.8209,0.6648,0.6122,0.7317,0.6667,0.7509
ViT-B/16,0,466,176,0.9593,0.8239,0.7634,0.8875,0.8208,0.9322
ViT-B/16,1,514,125,0.9034,0.888,0.9726,0.8554,0.9103,0.9693
ViT-B/16,2,487,135,0.9875,0.6889,0.5542,0.902,0.6866,0.869
ViT-B/16,3,512,131,0.9776,0.9313,0.9857,0.8961,0.9388,0.9817
ViT-B/16,4,475,179,0.9565,0.8156,0.8267,0.7561,0.7898,0.8735
