kind,method_A,method_B,value,ci_low,ci_high,note
mean_ci,ResNet50,IoU,0.1277,0.1108,0.1471,
mean_ci,ResNet50,pointing,0.2708,0.2205,0.3236,
mean_ci,ResNet50,coverage,0.1679,0.1390,0.2004,
mean_ci,EfficientNet-B0,IoU,0.1562,0.1335,0.1803,
mean_ci,EfficientNet-B0,pointing,0.2869,0.2329,0.3471,
mean_ci,EfficientNet-B0,coverage,0.1530,0.1279,0.1806,
mean_ci,ViT-B/16,IoU,0.0395,0.0327,0.0466,
mean_ci,ViT-B/16,pointing,0.0777,0.0519,0.1047,
mean_ci,ViT-B/16,coverage,0.0700,0.0577,0.0836,
mean_ci,ViT-B/16 (rollout),IoU,0.0139,0.0096,0.0191,
mean_ci,ViT-B/16 (rollout),pointing,0.0536,0.0297,0.0821,
mean_ci,ViT-B/16 (rollout),coverage,0.0636,0.0514,0.0777,
pairwise_IoU,ResNet50,EfficientNet-B0,-0.0285,-0.0490,-0.0086,p_holm=0.004 (significant)
pairwise_IoU,ResNet50,ViT-B/16,+0.0883,+0.0721,+0.1064,p_holm=0.0006 (significant)
pairwise_IoU,ResNet50,ViT-B/16 (rollout),+0.1139,+0.0975,+0.1326,p_holm=0.0006 (significant)
pairwise_IoU,EfficientNet-B0,ViT-B/16,+0.1167,+0.0958,+0.1402,p_holm=0.0006 (significant)
pairwise_IoU,EfficientNet-B0,ViT-B/16 (rollout),+0.1424,+0.1215,+0.1649,p_holm=0.0006 (significant)
pairwise_IoU,ViT-B/16,ViT-B/16 (rollout),+0.0256,+0.0185,+0.0328,p_holm=0.0006 (significant)
vs_area-matched_random,ResNet50,area-matched random,+0.0964,+0.0808,+0.1149,p_holm=0.0008 (above); reference mean 0.0313
vs_centre_prior,ResNet50,centre prior,-0.0068,-0.0286,+0.0172,p_holm=0.8012 (indistinguishable); reference mean 0.1345
vs_area-matched_random,EfficientNet-B0,area-matched random,+0.1158,+0.0974,+0.1357,p_holm=0.0008 (above); reference mean 0.0404
vs_centre_prior,EfficientNet-B0,centre prior,+0.0217,+0.0075,+0.0377,p_holm=0.0048 (above); reference mean 0.1345
vs_area-matched_random,ViT-B/16,area-matched random,+0.0019,-0.0025,+0.0064,p_holm=0.8012 (indistinguishable); reference mean 0.0376
vs_centre_prior,ViT-B/16,centre prior,-0.0950,-0.1151,-0.0769,p_holm=0.0008 (below); reference mean 0.1345
vs_area-matched_random,ViT-B/16 (rollout),area-matched random,-0.0151,-0.0193,-0.0107,p_holm=0.0008 (below); reference mean 0.0289
vs_centre_prior,ViT-B/16 (rollout),centre prior,-0.1206,-0.1400,-0.1028,p_holm=0.0008 (below); reference mean 0.1345
chance,uninformative heat map,pointing/coverage,0.0720,,,equals the mean lesion area
