filename,ResNet50_IoU,ResNet50_pointing,ResNet50_coverage,ResNet50_area,EfficientNet-B0_IoU,EfficientNet-B0_pointing,EfficientNet-B0_coverage,EfficientNet-B0_area,ViT-B/16_IoU,ViT-B/16_pointing,ViT-B/16_coverage,ViT-B/16_area
c_100_v_(video_3062.mp4)_f_1458.jpg,0.092274,0,0.055447,0.048469,0.075837,0,0.049728,0.071010,0.000000,0,0.002599,0.164062
c_127_v_(video_3756.mp4)_f_40.jpg,0.593628,1,0.687741,0.120456,0.463075,1,0.799131,0.084104,0.126634,0,0.195200,0.259706
c_135_v_(video_4058.mp4)_f_1.jpg,0.080545,0,0.432445,0.063756,0.302752,1,0.723308,0.087313,0.024889,0,0.232384,0.111069
c_135_v_(video_4079.mp4)_f_229.jpg,0.000000,0,0.104092,0.041713,0.000000,0,0.000460,0.052256,0.049837,0,0.058623,0.085639
c_146_v_(video_4410.mp4)_f_2066.jpg,0.028836,0,0.064230,0.075474,0.227084,0,0.152125,0.109953,0.000000,0,0.036116,0.025411
c_146_v_(video_4410.mp4)_f_740.jpg,0.127059,0,0.123672,0.128448,0.438052,1,0.252195,0.110810,0.001975,0,0.046641,0.120894
c_146_v_(video_4412.mp4)_f_43.jpg,0.066064,0,0.032726,0.129684,0.022280,0,0.018774,0.194077,0.008661,0,0.010599,0.153540
c_159_v_(video_4770.mp4)_f_4585.jpg,0.324495,1,0.147390,0.050064,0.268474,1,0.160590,0.096321,0.003988,0,0.030364,0.146026
c_162_v_(video_4957.mp4)_f_230.jpg,0.061771,0,0.051145,0.132793,0.009870,0,0.048378,0.076830,0.000000,0,0.011295,0.074179
c_168_v_(video_5163.mp4)_f_264.jpg,0.000000,0,0.006151,0.053173,0.015499,0,0.010515,0.280313,0.000000,0,0.002724,0.063257
c_172_v_(video_5281.mp4)_f_1193.jpg,0.058156,0,0.022832,0.070452,0.060287,0,0.033018,0.094547,0.000000,0,0.008596,0.106844
c_172_v_(video_5281.mp4)_f_484.jpg,0.045228,0,0.060255,0.080297,0.051607,0,0.060363,0.121134,0.023800,0,0.023190,0.184929
c_1_v_(video_17.mp4)_f_1232.jpg,0.070159,0,0.080426,0.103595,0.351463,0,0.418615,0.033901,0.069714,0,0.084939,0.071528
c_1_v_(video_17.mp4)_f_530.jpg,0.256171,0,0.241661,0.083406,0.313480,0,0.303968,0.083367,0.029534,0,0.063036,0.059511
c_1_v_(video_17.mp4)_f_925.jpg,0.075906,0,0.088947,0.102938,0.069492,0,0.087495,0.131577,0.002780,0,0.023825,0.238999
c_1_v_(video_7.mp4)_f_1299.jpg,0.000000,0,0.021457,0.070412,0.114431,0,0.062260,0.082031,0.000000,0,0.017125,0.043029
c_1_v_(video_7.mp4)_f_36.jpg,0.181014,1,0.116983,0.058753,0.255077,1,0.138622,0.079919,0.000000,0,0.027564,0.046018
c_31_v_(video_1002.mp4)_f_499.jpg,0.000000,0,0.072158,0.091159,0.142065,0,0.106881,0.091040,0.083084,0,0.083208,0.121672
c_31_v_(video_1002.mp4)_f_91.jpg,0.304997,1,0.301331,0.145707,0.584861,1,0.392451,0.121951,0.018291,0,0.052204,0.134845
c_31_v_(video_1004.mp4)_f_869.jpg,0.512763,1,0.351261,0.086456,0.431456,1,0.313835,0.113740,0.050890,0,0.086808,0.270707
c_31_v_(video_993.mp4)_f_75.jpg,0.009467,0,0.063960,0.086476,0.455866,1,0.259469,0.108259,0.010282,0,0.038145,0.093431
c_31_v_(video_997.mp4)_f_161.jpg,0.000000,0,0.095836,0.070014,0.493780,1,0.271747,0.092315,0.062478,0,0.072226,0.133111
c_31_v_(video_998.mp4)_f_85.jpg,0.006398,0,0.075387,0.084124,0.243843,1,0.160724,0.155114,0.000000,0,0.029669,0.096102
c_49_v_(video_1561.mp4)_f_1248.jpg,0.148031,1,0.540212,0.064114,0.443225,1,0.639846,0.164581,0.050278,0,0.311423,0.063536
c_49_v_(video_1561.mp4)_f_1299.jpg,0.353175,1,0.461234,0.273039,0.283118,1,0.500321,0.135065,0.102972,0,0.341044,0.098832
c_49_v_(video_1561.mp4)_f_141.jpg,0.296668,0,0.227675,0.349868,0.420108,1,0.291406,0.210081,0.019977,0,0.068317,0.200454
c_49_v_(video_1561.mp4)_f_202.jpg,0.000000,0,0.004507,0.185886,0.043190,0,0.029628,0.201650,0.000183,0,0.007998,0.208765
c_49_v_(video_1561.mp4)_f_334.jpg,0.101858,0,0.092392,0.194236,0.121185,0,0.092473,0.143017,0.084900,0,0.081270,0.304927
c_49_v_(video_1561.mp4)_f_411.jpg,0.325419,1,0.641238,0.164860,0.395213,1,0.617598,0.189772,0.322857,1,0.486831,0.244180
c_4_v_(video_47.mp4)_f_3852.jpg,0.001010,0,0.047869,0.078324,0.010475,0,0.114766,0.043866,0.022851,0,0.052040,0.183594
c_4_v_(video_48.mp4)_f_402.jpg,0.000000,0,0.055530,0.065529,0.116000,0,0.109890,0.149454,0.000000,0,0.013743,0.080915
c_50_v_(video_1589.mp4)_f_109.jpg,0.301952,1,0.394487,0.075654,0.634544,1,0.570727,0.082051,0.071297,0,0.124420,0.170121
c_50_v_(video_1589.mp4)_f_220.jpg,0.131945,1,0.167456,0.168367,0.422708,0,0.291540,0.216697,0.018409,0,0.065848,0.183096
c_52_v_(video_1656.mp4)_f_2711.jpg,0.191855,0,0.212171,0.058654,0.301726,0,0.208401,0.168128,0.000000,0,0.037634,0.068539
c_52_v_(video_1656.mp4)_f_5548.jpg,0.027490,0,0.077414,0.037109,0.368554,1,0.216694,0.071110,0.000000,0,0.036745,0.078304
c_59_v_(video_1898.mp4)_f_1838.jpg,0.000000,0,0.014967,0.199657,0.048685,0,0.029236,0.268495,0.000000,0,0.007932,0.246991
c_59_v_(video_1898.mp4)_f_47.jpg,0.000000,0,0.034036,0.049486,0.000000,0,0.003322,0.117646,0.000000,0,0.000000,0.028639
c_59_v_(video_1898.mp4)_f_917.jpg,0.000000,0,0.107555,0.044962,0.180959,1,0.151005,0.118802,0.000000,0,0.029975,0.066964
c_76_v_(video_2329.mp4)_f_1012.jpg,0.121631,0,0.062055,0.044822,0.074201,0,0.049958,0.114138,0.024360,0,0.027085,0.150211
c_76_v_(video_2329.mp4)_f_59.jpg,0.244410,1,0.159991,0.061384,0.125613,1,0.107309,0.135304,0.000000,0,0.026306,0.047832
c_76_v_(video_2330.mp4)_f_161.jpg,0.000000,0,0.000000,0.036830,0.149960,0,0.162749,0.049466,0.000000,0,0.025940,0.045301
c_76_v_(video_2364.mp4)_f_25.jpg,0.203254,0,0.168821,0.047513,0.172655,0,0.148827,0.155592,0.014481,0,0.038920,0.074418
c_79_v_(video_2401.mp4)_f_210.jpg,0.185368,0,0.171920,0.126475,0.272300,1,0.246512,0.080497,0.086590,0,0.094538,0.119739
c_79_v_(video_2403.mp4)_f_1001.jpg,0.338242,1,0.284415,0.148936,0.345573,0,0.228070,0.135802,0.069254,0,0.102785,0.194874
c_79_v_(video_2404.mp4)_f_688.jpg,0.114813,0,0.069478,0.104911,0.098995,0,0.067935,0.137735,0.047137,0,0.031932,0.314692
c_79_v_(video_2405.mp4)_f_42.jpg,0.189222,1,0.244162,0.125678,0.293875,0,0.330817,0.117387,0.027700,0,0.093329,0.098135
c_85_v_(video_2607.mp4)_f_284.jpg,0.167283,0,0.219354,0.124263,0.384540,1,0.268833,0.202168,0.006755,0,0.067216,0.096560
c_85_v_(video_2607.mp4)_f_733.jpg,0.110536,0,0.167073,0.069196,0.253155,0,0.214887,0.178890,0.070704,0,0.095884,0.151108
c_99_v_(video_2998.mp4)_f_256.jpg,0.306020,0,0.154527,0.078723,0.217772,1,0.111860,0.138831,0.000000,0,0.011537,0.200813
c_99_v_(video_2998.mp4)_f_73.jpg,0.193678,0,0.136240,0.061324,0.218810,1,0.131228,0.124382,0.057763,0,0.043687,0.133829
c_99_v_(video_3000.mp4)_f_51.jpg,0.162345,0,0.103560,0.085061,0.162879,0,0.110842,0.101124,0.000000,0,0.004989,0.043507
c_99_v_(video_3006.mp4)_f_102.jpg,0.275843,0,0.146243,0.102519,0.277886,1,0.163015,0.110073,0.015573,0,0.030084,0.106366
c_99_v_(video_3041.mp4)_f_0.jpg,0.473979,1,0.254968,0.079500,0.390448,1,0.223054,0.117387,0.000756,0,0.051257,0.080397
