section,key,value
confusion:ResNet50,TP,49
confusion:ResNet50,FN,4
confusion:ResNet50,FP,12
confusion:ResNet50,TN,42
confusion:EfficientNet-B0,TP,46
confusion:EfficientNet-B0,FN,7
confusion:EfficientNet-B0,FP,22
confusion:EfficientNet-B0,TN,32
confusion:ViT-B/16,TP,51
confusion:ViT-B/16,FN,2
confusion:ViT-B/16,FP,24
confusion:ViT-B/16,TN,30
hard_case:all_models_wrong,c_135_v_(video_4079.mp4)_f_229.jpg,endometriosis
hard_case:all_models_wrong,c_99_v_(video_3000.mp4)_f_51.jpg,endometriosis
hard_case:all_models_wrong,v_4044_s_0-253__f_103.jpg,normal
hard_case:all_models_wrong,v_4044_s_0-253__f_121.jpg,normal
hard_case:all_models_wrong,v_4044_s_0-253__f_123.jpg,normal
hard_case:all_models_wrong,v_4044_s_0-253__f_161.jpg,normal
hard_case:all_models_wrong,v_4044_s_0-253__f_223.jpg,normal
hard_case:all_models_wrong,v_4770_s_2649-3117__f_2661.jpg,normal
hard_case:all_models_wrong,v_4770_s_2649-3117__f_2706.jpg,normal
hard_case:all_models_wrong,v_4770_s_2649-3117__f_2720.jpg,normal
hard_case:all_models_wrong,v_4770_s_2649-3117__f_3113.jpg,normal
group_errors,v_4044_s_0-253,n=14;ResNet50=5;EfficientNet-B0=13;ViT-B/16=11
group_errors,v_4770_s_2649-3117,n=13;ResNet50=4;EfficientNet-B0=8;ViT-B/16=11
group_errors,v_5280_s_89-491,n=13;ResNet50=3;EfficientNet-B0=1;ViT-B/16=2
group_errors,c_135,n=2;ResNet50=1;EfficientNet-B0=1;ViT-B/16=1
group_errors,c_76,n=4;ResNet50=2;EfficientNet-B0=1;ViT-B/16=0
group_errors,c_99,n=5;ResNet50=1;EfficientNet-B0=1;ViT-B/16=1
group_errors,c_1,n=5;ResNet50=0;EfficientNet-B0=2;ViT-B/16=0
group_errors,c_100,n=1;ResNet50=0;EfficientNet-B0=1;ViT-B/16=0
group_errors,c_4,n=2;ResNet50=0;EfficientNet-B0=1;ViT-B/16=0
group_errors,c_127,n=1;ResNet50=0;EfficientNet-B0=0;ViT-B/16=0
group_errors,c_146,n=3;ResNet50=0;EfficientNet-B0=0;ViT-B/16=0
group_errors,c_159,n=1;ResNet50=0;EfficientNet-B0=0;ViT-B/16=0
group_errors,c_162,n=1;ResNet50=0;EfficientNet-B0=0;ViT-B/16=0
group_errors,c_168,n=1;ResNet50=0;EfficientNet-B0=0;ViT-B/16=0
group_errors,c_172,n=2;ResNet50=0;EfficientNet-B0=0;ViT-B/16=0
group_errors,c_31,n=6;ResNet50=0;EfficientNet-B0=0;ViT-B/16=0
group_errors,c_49,n=6;ResNet50=0;EfficientNet-B0=0;ViT-B/16=0
group_errors,c_50,n=2;ResNet50=0;EfficientNet-B0=0;ViT-B/16=0
group_errors,c_52,n=2;ResNet50=0;EfficientNet-B0=0;ViT-B/16=0
group_errors,c_59,n=3;ResNet50=0;EfficientNet-B0=0;ViT-B/16=0
group_errors,c_79,n=4;ResNet50=0;EfficientNet-B0=0;ViT-B/16=0
group_errors,c_85,n=2;ResNet50=0;EfficientNet-B0=0;ViT-B/16=0
group_errors,v_3570_s_1247-1816,n=14;ResNet50=0;EfficientNet-B0=0;ViT-B/16=0
