test,model_A,model_B,metric,value_or_diff,statistic,p_raw,p_holm,significant_at_0.05
mean_ci,ResNet50,,IoU,0.1483,0.1096,0.1880,,
mean_ci,ResNet50,,pointing,0.2642,0.1509,0.3962,,
mean_ci,ResNet50,,coverage,0.1645,0.1251,0.2088,,
mean_ci,EfficientNet-B0,,IoU,0.2381,0.1948,0.2829,,
mean_ci,EfficientNet-B0,,pointing,0.4528,0.3208,0.5849,,
mean_ci,EfficientNet-B0,,coverage,0.2124,0.1647,0.2654,,
mean_ci,ViT-B/16,,IoU,0.0317,0.0196,0.0473,,
mean_ci,ViT-B/16,,pointing,0.0189,0.0000,0.0566,,
mean_ci,ViT-B/16,,coverage,0.0688,0.0473,0.0946,,
wilcoxon,ResNet50,EfficientNet-B0,IoU,-0.0898,269.0,0.00022,0.00022,yes
wilcoxon,ResNet50,ViT-B/16,IoU,+0.1166,61.0,0.00000,0.00000,yes
wilcoxon,EfficientNet-B0,ViT-B/16,IoU,+0.2064,11.0,0.00000,0.00000,yes
wilcoxon,ResNet50,EfficientNet-B0,coverage,-0.0479,298.0,0.00022,0.00022,yes
wilcoxon,ResNet50,ViT-B/16,coverage,+0.0957,30.0,0.00000,0.00000,yes
wilcoxon,EfficientNet-B0,ViT-B/16,coverage,+0.1436,15.0,0.00000,0.00000,yes
mcnemar_pointing,ResNet50,EfficientNet-B0,pointing,only_ResNet50=3;only_EfficientNet-B0=13,,0.02127,0.02127,yes
mcnemar_pointing,ResNet50,ViT-B/16,pointing,only_ResNet50=13;only_ViT-B/16=0,,0.00024,0.00049,yes
mcnemar_pointing,EfficientNet-B0,ViT-B/16,pointing,only_EfficientNet-B0=23;only_ViT-B/16=0,,0.00000,0.00000,yes
