filename,rollout_IoU,rollout_pointing,rollout_coverage,rollout_area,prob
c_100_v_(video_3062.mp4)_f_1458.jpg,0.016832,0,0.013305,0.070890,0.740238
c_127_v_(video_3756.mp4)_f_40.jpg,0.115601,1,0.244984,0.035714,0.996002
c_135_v_(video_4058.mp4)_f_1.jpg,0.067432,1,0.229721,0.082171,0.984838
c_135_v_(video_4079.mp4)_f_229.jpg,0.000000,0,0.023516,0.037628,0.442364
c_146_v_(video_4410.mp4)_f_2066.jpg,0.095357,0,0.055106,0.232322,0.969084
c_146_v_(video_4410.mp4)_f_740.jpg,0.000000,0,0.047608,0.082071,0.994526
c_146_v_(video_4412.mp4)_f_43.jpg,0.000000,0,0.007238,0.183255,0.996304
c_159_v_(video_4770.mp4)_f_4585.jpg,0.092536,0,0.048884,0.204082,0.998262
c_162_v_(video_4957.mp4)_f_230.jpg,0.011383,0,0.023878,0.148398,0.847686
c_168_v_(video_5163.mp4)_f_264.jpg,0.000000,0,0.003395,0.254883,0.998099
c_172_v_(video_5281.mp4)_f_1193.jpg,0.000000,0,0.004186,0.254544,0.994372
c_172_v_(video_5281.mp4)_f_484.jpg,0.000000,0,0.018285,0.011221,0.981775
c_1_v_(video_17.mp4)_f_1232.jpg,0.069776,0,0.070576,0.124283,0.944696
c_1_v_(video_17.mp4)_f_530.jpg,0.114237,0,0.079806,0.059790,0.995492
c_1_v_(video_17.mp4)_f_925.jpg,0.057677,0,0.058488,0.065669,0.986698
c_1_v_(video_7.mp4)_f_1299.jpg,0.108523,0,0.030765,0.065529,0.897951
c_1_v_(video_7.mp4)_f_36.jpg,0.087348,0,0.039542,0.118343,0.973208
c_31_v_(video_1002.mp4)_f_499.jpg,0.038178,0,0.047871,0.273238,0.998913
c_31_v_(video_1002.mp4)_f_91.jpg,0.044302,0,0.116594,0.140087,0.998370
c_31_v_(video_1004.mp4)_f_869.jpg,0.014140,0,0.059103,0.145946,0.992088
c_31_v_(video_993.mp4)_f_75.jpg,0.119320,0,0.072222,0.119858,0.998056
c_31_v_(video_997.mp4)_f_161.jpg,0.000775,0,0.044867,0.131298,0.996817
c_31_v_(video_998.mp4)_f_85.jpg,0.000000,0,0.029899,0.110073,0.998005
c_49_v_(video_1561.mp4)_f_1248.jpg,0.012444,0,0.345300,0.036213,0.997270
c_49_v_(video_1561.mp4)_f_1299.jpg,0.011384,0,0.272144,0.025231,0.997591
c_49_v_(video_1561.mp4)_f_141.jpg,0.017333,0,0.110458,0.091558,0.998286
c_49_v_(video_1561.mp4)_f_202.jpg,0.000000,0,0.008875,0.177535,0.995081
c_49_v_(video_1561.mp4)_f_334.jpg,0.000000,0,0.055586,0.121034,0.998474
c_49_v_(video_1561.mp4)_f_411.jpg,0.008356,0,0.307120,0.121911,0.997627
c_4_v_(video_47.mp4)_f_3852.jpg,0.039495,0,0.053871,0.056501,0.993958
c_4_v_(video_48.mp4)_f_402.jpg,0.000000,0,0.043969,0.109554,0.997412
c_50_v_(video_1589.mp4)_f_109.jpg,0.000000,0,0.100897,0.038604,0.998678
c_50_v_(video_1589.mp4)_f_220.jpg,0.000000,0,0.102124,0.020528,0.999566
c_52_v_(video_1656.mp4)_f_2711.jpg,0.009273,0,0.050069,0.288923,0.999573
c_52_v_(video_1656.mp4)_f_5548.jpg,0.000000,0,0.021276,0.118423,0.941959
c_59_v_(video_1898.mp4)_f_1838.jpg,0.000000,0,0.013372,0.033502,0.984080
c_59_v_(video_1898.mp4)_f_47.jpg,0.000000,0,0.013350,0.042710,0.760955
c_59_v_(video_1898.mp4)_f_917.jpg,0.002406,0,0.064958,0.120416,0.998324
c_76_v_(video_2329.mp4)_f_1012.jpg,0.012385,0,0.015784,0.046975,0.985602
c_76_v_(video_2329.mp4)_f_59.jpg,0.000000,0,0.019709,0.118742,0.821095
c_76_v_(video_2330.mp4)_f_161.jpg,0.023460,0,0.034281,0.151068,0.992651
c_76_v_(video_2364.mp4)_f_25.jpg,0.097021,0,0.067064,0.123406,0.998138
c_79_v_(video_2401.mp4)_f_210.jpg,0.000000,0,0.029635,0.123485,0.997594
c_79_v_(video_2403.mp4)_f_1001.jpg,0.025149,0,0.077493,0.070412,0.999297
c_79_v_(video_2404.mp4)_f_688.jpg,0.000000,0,0.016481,0.097118,0.995723
c_79_v_(video_2405.mp4)_f_42.jpg,0.026885,0,0.100362,0.130082,0.999440
c_85_v_(video_2607.mp4)_f_284.jpg,0.091015,0,0.124159,0.191426,0.997951
c_85_v_(video_2607.mp4)_f_733.jpg,0.021483,0,0.069421,0.249402,0.994332
c_99_v_(video_2998.mp4)_f_256.jpg,0.026786,0,0.035371,0.086655,0.993851
c_99_v_(video_2998.mp4)_f_73.jpg,0.000000,0,0.027578,0.095424,0.995385
c_99_v_(video_3000.mp4)_f_51.jpg,0.000000,0,0.017093,0.125140,0.159700
c_99_v_(video_3006.mp4)_f_102.jpg,0.000000,0,0.028614,0.050343,0.999398
c_99_v_(video_3041.mp4)_f_0.jpg,0.000000,0,0.041966,0.046038,0.998158
